year,qtr,state_fips,low,high
1999,1,01,1.09,1.24
1999,1,02,1.33,1.41
1999,1,04,1.33,1.41
1999,1,05,.39,1.09
1999,1,06,1.62,1.75
1999,1,08,1.33,1.41
1999,1,09,.39,1.09
1999,1,10,.39,1.09
1999,1,11,.39,1.09
1999,1,12,1.41,1.51
1999,1,13,1.09,1.24
1999,1,15,1.89,2.13
1999,1,16,1.41,1.51
1999,1,17,.39,1.09
1999,1,18,.39,1.09
1999,1,19,.39,1.09
1999,1,20,.39,1.09
1999,1,21,.39,1.09
1999,1,22,.39,1.09
1999,1,23,1.09,1.24
1999,1,24,1.62,1.75
1999,1,25,.39,1.09
1999,1,26,.39,1.09
1999,1,27,.39,1.09
1999,1,28,.39,1.09
1999,1,29,.39,1.09
1999,1,30,1.33,1.41
1999,1,31,.39,1.09
1999,1,32,1.33,1.41
1999,1,33,1.09,1.24
1999,1,34,1.09,1.24
1999,1,35,1.41,1.51
1999,1,36,.39,1.09
1999,1,37,1.09,1.24
1999,1,38,.39,1.09
1999,1,39,.39,1.09
1999,1,40,.39,1.09
1999,1,41,1.33,1.41
1999,1,42,.39,1.09
1999,1,44,1.24,1.33
1999,1,45,1.24,1.33
1999,1,46,.39,1.09
1999,1,47,1.09,1.24
1999,1,48,.39,1.09
1999,1,49,1.33,1.41
1999,1,50,1.09,1.24
1999,1,51,1.33,1.41
1999,1,53,1.41,1.51
1999,1,54,.39,1.09
1999,1,55,.39,1.09
1999,1,56,.39,1.09
1999,2,01,1.09,1.24
1999,2,02,1.24,1.33
1999,2,04,1.33,1.41
1999,2,05,.39,1.09
1999,2,06,1.62,1.75
1999,2,08,1.33,1.41
1999,2,09,.39,1.09
1999,2,10,1.09,1.24
1999,2,11,.39,1.09
1999,2,12,1.41,1.51
1999,2,13,1.09,1.24
1999,2,15,1.75,1.89
1999,2,16,1.41,1.51
1999,2,17,.39,1.09
1999,2,18,.39,1.09
1999,2,19,.39,1.09
1999,2,20,.39,1.09
1999,2,21,.39,1.09
1999,2,22,.39,1.09
1999,2,23,.39,1.09
1999,2,24,1.62,1.75
1999,2,25,.39,1.09
1999,2,26,.39,1.09
1999,2,27,.39,1.09
1999,2,28,.39,1.09
1999,2,29,.39,1.09
1999,2,30,1.24,1.33
1999,2,31,.39,1.09
1999,2,32,1.41,1.51
1999,2,33,1.09,1.24
1999,2,34,1.09,1.24
1999,2,35,1.33,1.41
1999,2,36,.39,1.09
1999,2,37,1.09,1.24
1999,2,38,.39,1.09
1999,2,39,.39,1.09
1999,2,40,.39,1.09
1999,2,41,1.41,1.51
1999,2,42,.39,1.09
1999,2,44,1.09,1.24
1999,2,45,1.24,1.33
1999,2,46,.39,1.09
1999,2,47,1.09,1.24
1999,2,48,.39,1.09
1999,2,49,1.33,1.41
1999,2,50,.39,1.09
1999,2,51,1.41,1.51
1999,2,53,1.41,1.51
1999,2,54,.39,1.09
1999,2,55,.39,1.09
1999,2,56,.39,1.09
1999,3,01,1.09,1.24
1999,3,02,1.24,1.33
1999,3,04,1.33,1.41
1999,3,05,.39,1.09
1999,3,06,1.62,1.75
1999,3,08,1.33,1.41
1999,3,09,1.09,1.24
1999,3,10,1.09,1.24
1999,3,11,.39,1.09
1999,3,12,1.51,1.62
1999,3,13,1.24,1.33
1999,3,15,1.75,1.89
1999,3,16,1.41,1.51
1999,3,17,.39,1.09
1999,3,18,.39,1.09
1999,3,19,.39,1.09
1999,3,20,.39,1.09
1999,3,21,.39,1.09
1999,3,22,.39,1.09
1999,3,23,1.09,1.24
1999,3,24,1.62,1.75
1999,3,25,.39,1.09
1999,3,26,.39,1.09
1999,3,27,.39,1.09
1999,3,28,1.09,1.24
1999,3,29,.39,1.09
1999,3,30,1.33,1.41
1999,3,31,.39,1.09
1999,3,32,1.41,1.51
1999,3,33,1.09,1.24
1999,3,34,1.09,1.24
1999,3,35,1.41,1.51
1999,3,36,.39,1.09
1999,3,37,1.09,1.24
1999,3,38,.39,1.09
1999,3,39,.39,1.09
1999,3,40,.39,1.09
1999,3,41,1.41,1.51
1999,3,42,.39,1.09
1999,3,44,1.24,1.33
1999,3,45,1.24,1.33
1999,3,46,.39,1.09
1999,3,47,1.09,1.24
1999,3,48,.39,1.09
1999,3,49,1.33,1.41
1999,3,50,1.09,1.24
1999,3,51,1.41,1.51
1999,3,53,1.41,1.51
1999,3,54,.39,1.09
1999,3,55,.39,1.09
1999,3,56,.39,1.09
1999,4,01,.39,1.09
1999,4,02,1.24,1.33
1999,4,04,1.09,1.24
1999,4,05,.39,1.09
1999,4,06,1.33,1.41
1999,4,08,1.09,1.24
1999,4,09,.39,1.09
1999,4,10,.39,1.09
1999,4,11,.39,1.09
1999,4,12,1.24,1.33
1999,4,13,1.09,1.24
1999,4,15,1.62,1.75
1999,4,16,1.24,1.33
1999,4,17,.39,1.09
1999,4,18,.39,1.09
1999,4,19,.39,1.09
1999,4,20,.39,1.09
1999,4,21,.39,1.09
1999,4,22,.39,1.09
1999,4,23,.39,1.09
1999,4,24,1.51,1.62
1999,4,25,.39,1.09
1999,4,26,.39,1.09
1999,4,27,.39,1.09
1999,4,28,.39,1.09
1999,4,29,.39,1.09
1999,4,30,1.24,1.33
1999,4,31,.39,1.09
1999,4,32,1.24,1.33
1999,4,33,.39,1.09
1999,4,34,.39,1.09
1999,4,35,1.33,1.41
1999,4,36,.39,1.09
1999,4,37,1.09,1.24
1999,4,38,.39,1.09
1999,4,39,.39,1.09
1999,4,40,.39,1.09
1999,4,41,1.24,1.33
1999,4,42,.39,1.09
1999,4,44,.39,1.09
1999,4,45,1.09,1.24
1999,4,46,.39,1.09
1999,4,47,.39,1.09
1999,4,48,.39,1.09
1999,4,49,1.24,1.33
1999,4,50,.39,1.09
1999,4,51,1.24,1.33
1999,4,53,1.24,1.33
1999,4,54,.39,1.09
1999,4,55,.39,1.09
1999,4,56,.39,1.09
2000,1,01,1.09,1.24
2000,1,02,1.33,1.41
2000,1,04,1.33,1.41
2000,1,05,.39,1.09
2000,1,06,1.41,1.51
2000,1,08,1.33,1.41
2000,1,09,.39,1.09
2000,1,10,.39,1.09
2000,1,11,.39,1.09
2000,1,12,1.41,1.51
2000,1,13,1.24,1.33
2000,1,15,1.75,1.89
2000,1,16,1.51,1.62
2000,1,17,.39,1.09
2000,1,18,.39,1.09
2000,1,19,.39,1.09
2000,1,20,.39,1.09
2000,1,21,.39,1.09
2000,1,22,.39,1.09
2000,1,23,1.09,1.24
2000,1,24,1.62,1.75
2000,1,25,.39,1.09
2000,1,26,.39,1.09
2000,1,27,.39,1.09
2000,1,28,1.09,1.24
2000,1,29,.39,1.09
2000,1,30,1.41,1.51
2000,1,31,.39,1.09
2000,1,32,1.41,1.51
2000,1,33,1.09,1.24
2000,1,34,.39,1.09
2000,1,35,1.41,1.51
2000,1,36,.39,1.09
2000,1,37,1.09,1.24
2000,1,38,.39,1.09
2000,1,39,.39,1.09
2000,1,40,.39,1.09
2000,1,41,1.41,1.51
2000,1,42,.39,1.09
2000,1,44,1.09,1.24
2000,1,45,1.33,1.41
2000,1,46,1.09,1.24
2000,1,47,1.09,1.24
2000,1,48,.39,1.09
2000,1,49,1.41,1.51
2000,1,50,1.09,1.24
2000,1,51,1.33,1.41
2000,1,53,1.41,1.51
2000,1,54,.39,1.09
2000,1,55,.39,1.09
2000,1,56,1.09,1.24
2000,2,01,1.09,1.24
2000,2,02,1.24,1.33
2000,2,04,1.41,1.51
2000,2,05,.39,1.09
2000,2,06,1.51,1.62
2000,2,08,1.33,1.41
2000,2,09,1.09,1.24
2000,2,10,1.09,1.24
2000,2,11,.39,1.09
2000,2,12,1.51,1.62
2000,2,13,1.24,1.33
2000,2,15,1.75,1.89
2000,2,16,1.41,1.51
2000,2,17,.39,1.09
2000,2,18,1.09,1.24
2000,2,19,.39,1.09
2000,2,20,.39,1.09
2000,2,21,.39,1.09
2000,2,22,1.09,1.24
2000,2,23,1.24,1.33
2000,2,24,1.62,1.75
2000,2,25,.39,1.09
2000,2,26,1.09,1.24
2000,2,27,.39,1.09
2000,2,28,1.09,1.24
2000,2,29,.39,1.09
2000,2,30,1.33,1.41
2000,2,31,.39,1.09
2000,2,32,1.41,1.51
2000,2,33,1.09,1.24
2000,2,34,1.09,1.24
2000,2,35,1.41,1.51
2000,2,36,.39,1.09
2000,2,37,1.24,1.33
2000,2,38,.39,1.09
2000,2,39,1.09,1.24
2000,2,40,.39,1.09
2000,2,41,1.41,1.51
2000,2,42,.39,1.09
2000,2,44,1.24,1.33
2000,2,45,1.33,1.41
2000,2,46,.39,1.09
2000,2,47,1.09,1.24
2000,2,48,.39,1.09
2000,2,49,1.41,1.51
2000,2,50,1.09,1.24
2000,2,51,1.41,1.51
2000,2,53,1.51,1.62
2000,2,54,.39,1.09
2000,2,55,.39,1.09
2000,2,56,1.09,1.24
2000,3,01,1.09,1.24
2000,3,02,1.24,1.33
2000,3,04,1.41,1.51
2000,3,05,.39,1.09
2000,3,06,1.51,1.62
2000,3,08,1.33,1.41
2000,3,09,1.09,1.24
2000,3,10,1.09,1.24
2000,3,11,.39,1.09
2000,3,12,1.51,1.62
2000,3,13,1.33,1.41
2000,3,15,1.75,1.89
2000,3,16,1.41,1.51
2000,3,17,1.09,1.24
2000,3,18,1.09,1.24
2000,3,19,.39,1.09
2000,3,20,.39,1.09
2000,3,21,1.09,1.24
2000,3,22,1.09,1.24
2000,3,23,1.09,1.24
2000,3,24,1.62,1.75
2000,3,25,.39,1.09
2000,3,26,1.09,1.24
2000,3,27,.39,1.09
2000,3,28,1.09,1.24
2000,3,29,.39,1.09
2000,3,30,1.41,1.51
2000,3,31,.39,1.09
2000,3,32,1.41,1.51
2000,3,33,1.09,1.24
2000,3,34,1.09,1.24
2000,3,35,1.41,1.51
2000,3,36,.39,1.09
2000,3,37,1.24,1.33
2000,3,38,.39,1.09
2000,3,39,1.09,1.24
2000,3,40,.39,1.09
2000,3,41,1.41,1.51
2000,3,42,.39,1.09
2000,3,44,1.24,1.33
2000,3,45,1.33,1.41
2000,3,46,.39,1.09
2000,3,47,1.09,1.24
2000,3,48,.39,1.09
2000,3,49,1.41,1.51
2000,3,50,1.09,1.24
2000,3,51,1.41,1.51
2000,3,53,1.51,1.62
2000,3,54,1.09,1.24
2000,3,55,.39,1.09
2000,3,56,1.09,1.24
2000,4,01,1.09,1.24
2000,4,02,1.33,1.41
2000,4,04,1.33,1.41
2000,4,05,.39,1.09
2000,4,06,1.41,1.51
2000,4,08,1.33,1.41
2000,4,09,.39,1.09
2000,4,10,.39,1.09
2000,4,11,.39,1.09
2000,4,12,1.41,1.51
2000,4,13,1.24,1.33
2000,4,15,1.75,1.89
2000,4,16,1.41,1.51
2000,4,17,.39,1.09
2000,4,18,1.09,1.24
2000,4,19,.39,1.09
2000,4,20,.39,1.09
2000,4,21,.39,1.09
2000,4,22,.39,1.09
2000,4,23,1.09,1.24
2000,4,24,1.51,1.62
2000,4,25,.39,1.09
2000,4,26,1.09,1.24
2000,4,27,.39,1.09
2000,4,28,1.09,1.24
2000,4,29,.39,1.09
2000,4,30,1.41,1.51
2000,4,31,.39,1.09
2000,4,32,1.41,1.51
2000,4,33,1.09,1.24
2000,4,34,.39,1.09
2000,4,35,1.41,1.51
2000,4,36,.39,1.09
2000,4,37,1.24,1.33
2000,4,38,.39,1.09
2000,4,39,1.09,1.24
2000,4,40,.39,1.09
2000,4,41,1.41,1.51
2000,4,42,.39,1.09
2000,4,44,1.09,1.24
2000,4,45,1.24,1.33
2000,4,46,.39,1.09
2000,4,47,1.09,1.24
2000,4,48,.39,1.09
2000,4,49,1.33,1.41
2000,4,50,1.09,1.24
2000,4,51,1.33,1.41
2000,4,53,1.51,1.62
2000,4,54,1.09,1.24
2000,4,55,.39,1.09
2000,4,56,.39,1.09
2001,1,01,1.24,1.33
2001,1,02,1.24,1.33
2001,1,04,1.51,1.62
2001,1,05,.39,1.09
2001,1,06,1.51,1.62
2001,1,08,1.41,1.51
2001,1,09,.39,1.09
2001,1,10,1.09,1.24
2001,1,11,.39,1.09
2001,1,12,1.51,1.62
2001,1,13,1.33,1.41
2001,1,15,1.75,1.89
2001,1,16,1.62,1.75
2001,1,17,.39,1.09
2001,1,18,1.09,1.24
2001,1,19,.39,1.09
2001,1,20,.39,1.09
2001,1,21,1.09,1.24
2001,1,22,1.09,1.24
2001,1,23,1.24,1.33
2001,1,24,1.62,1.75
2001,1,25,.39,1.09
2001,1,26,1.09,1.24
2001,1,27,1.09,1.24
2001,1,28,1.33,1.41
2001,1,29,1.09,1.24
2001,1,30,1.51,1.62
2001,1,31,.39,1.09
2001,1,32,1.51,1.62
2001,1,33,1.24,1.33
2001,1,34,1.09,1.24
2001,1,35,1.51,1.62
2001,1,36,.39,1.09
2001,1,37,1.33,1.41
2001,1,38,.39,1.09
2001,1,39,1.09,1.24
2001,1,40,1.09,1.24
2001,1,41,1.51,1.62
2001,1,42,.39,1.09
2001,1,44,1.24,1.33
2001,1,45,1.41,1.51
2001,1,46,1.09,1.24
2001,1,47,1.24,1.33
2001,1,48,.39,1.09
2001,1,49,1.51,1.62
2001,1,50,1.09,1.24
2001,1,51,1.41,1.51
2001,1,53,1.62,1.75
2001,1,54,1.09,1.24
2001,1,55,.39,1.09
2001,1,56,1.24,1.33
2001,2,01,1.24,1.33
2001,2,02,.39,1.09
2001,2,04,1.41,1.51
2001,2,05,.39,1.09
2001,2,06,1.51,1.62
2001,2,08,1.41,1.51
2001,2,09,1.09,1.24
2001,2,10,1.09,1.24
2001,2,11,.39,1.09
2001,2,12,1.41,1.51
2001,2,13,1.33,1.41
2001,2,15,1.75,1.89
2001,2,16,1.51,1.62
2001,2,17,1.09,1.24
2001,2,18,1.09,1.24
2001,2,19,.39,1.09
2001,2,20,.39,1.09
2001,2,21,1.09,1.24
2001,2,22,.39,1.09
2001,2,23,1.09,1.24
2001,2,24,1.51,1.62
2001,2,25,.39,1.09
2001,2,26,1.09,1.24
2001,2,27,.39,1.09
2001,2,28,1.24,1.33
2001,2,29,.39,1.09
2001,2,30,1.41,1.51
2001,2,31,.39,1.09
2001,2,32,1.51,1.62
2001,2,33,1.09,1.24
2001,2,34,1.09,1.24
2001,2,35,1.41,1.51
2001,2,36,.39,1.09
2001,2,37,1.33,1.41
2001,2,38,.39,1.09
2001,2,39,1.09,1.24
2001,2,40,.39,1.09
2001,2,41,1.41,1.51
2001,2,42,.39,1.09
2001,2,44,1.24,1.33
2001,2,45,1.41,1.51
2001,2,46,.39,1.09
2001,2,47,1.09,1.24
2001,2,48,.39,1.09
2001,2,49,1.41,1.51
2001,2,50,1.09,1.24
2001,2,51,1.33,1.41
2001,2,53,1.41,1.51
2001,2,54,1.09,1.24
2001,2,55,.39,1.09
2001,2,56,1.09,1.24
2001,3,01,1.33,1.41
2001,3,02,1.09,1.24
2001,3,04,1.62,1.75
2001,3,05,1.09,1.24
2001,3,06,1.62,1.75
2001,3,08,1.51,1.62
2001,3,09,1.24,1.33
2001,3,10,1.09,1.24
2001,3,11,.39,1.09
2001,3,12,1.62,1.75
2001,3,13,1.41,1.51
2001,3,15,1.75,1.89
2001,3,16,1.51,1.62
2001,3,17,1.09,1.24
2001,3,18,1.24,1.33
2001,3,19,.39,1.09
2001,3,20,.39,1.09
2001,3,21,1.09,1.24
2001,3,22,1.09,1.24
2001,3,23,1.24,1.33
2001,3,24,1.62,1.75
2001,3,25,.39,1.09
2001,3,26,1.24,1.33
2001,3,27,1.09,1.24
2001,3,28,1.33,1.41
2001,3,29,1.09,1.24
2001,3,30,1.51,1.62
2001,3,31,.39,1.09
2001,3,32,1.51,1.62
2001,3,33,1.24,1.33
2001,3,34,1.24,1.33
2001,3,35,1.51,1.62
2001,3,36,.39,1.09
2001,3,37,1.41,1.51
2001,3,38,.39,1.09
2001,3,39,1.24,1.33
2001,3,40,1.09,1.24
2001,3,41,1.62,1.75
2001,3,42,1.09,1.24
2001,3,44,1.33,1.41
2001,3,45,1.51,1.62
2001,3,46,1.09,1.24
2001,3,47,1.33,1.41
2001,3,48,.39,1.09
2001,3,49,1.51,1.62
2001,3,50,1.24,1.33
2001,3,51,1.51,1.62
2001,3,53,1.62,1.75
2001,3,54,1.24,1.33
2001,3,55,.39,1.09
2001,3,56,1.09,1.24
2001,4,01,1.24,1.33
2001,4,02,1.33,1.41
2001,4,04,1.41,1.51
2001,4,05,.39,1.09
2001,4,06,1.51,1.62
2001,4,08,1.41,1.51
2001,4,09,.39,1.09
2001,4,10,1.09,1.24
2001,4,11,.39,1.09
2001,4,12,1.51,1.62
2001,4,13,1.33,1.41
2001,4,15,1.75,1.89
2001,4,16,1.51,1.62
2001,4,17,.39,1.09
2001,4,18,1.09,1.24
2001,4,19,.39,1.09
2001,4,20,.39,1.09
2001,4,21,.39,1.09
2001,4,22,1.09,1.24
2001,4,23,1.09,1.24
2001,4,24,1.51,1.62
2001,4,25,.39,1.09
2001,4,26,1.09,1.24
2001,4,27,1.09,1.24
2001,4,28,1.24,1.33
2001,4,29,1.09,1.24
2001,4,30,1.41,1.51
2001,4,31,.39,1.09
2001,4,32,1.51,1.62
2001,4,33,1.09,1.24
2001,4,34,1.09,1.24
2001,4,35,1.41,1.51
2001,4,36,.39,1.09
2001,4,37,1.33,1.41
2001,4,38,.39,1.09
2001,4,39,1.09,1.24
2001,4,40,.39,1.09
2001,4,41,1.51,1.62
2001,4,42,.39,1.09
2001,4,44,1.09,1.24
2001,4,45,1.41,1.51
2001,4,46,1.09,1.24
2001,4,47,1.09,1.24
2001,4,48,.39,1.09
2001,4,49,1.41,1.51
2001,4,50,1.09,1.24
2001,4,51,1.41,1.51
2001,4,53,1.62,1.75
2001,4,54,1.09,1.24
2001,4,55,.39,1.09
2001,4,56,1.09,1.24
2002,1,01,1.41,1.51
2002,1,02,1.33,1.41
2002,1,04,1.62,1.75
2002,1,05,1.09,1.24
2002,1,06,1.75,1.89
2002,1,08,1.62,1.75
2002,1,09,1.09,1.24
2002,1,10,1.09,1.24
2002,1,11,.39,1.09
2002,1,12,1.62,1.75
2002,1,13,1.51,1.62
2002,1,15,1.89,2.13
2002,1,16,1.75,1.89
2002,1,17,1.09,1.24
2002,1,18,1.24,1.33
2002,1,19,.39,1.09
2002,1,20,1.09,1.24
2002,1,21,1.09,1.24
2002,1,22,1.09,1.24
2002,1,23,1.33,1.41
2002,1,24,1.62,1.75
2002,1,25,1.09,1.24
2002,1,26,1.33,1.41
2002,1,27,1.09,1.24
2002,1,28,1.33,1.41
2002,1,29,1.09,1.24
2002,1,30,1.62,1.75
2002,1,31,.39,1.09
2002,1,32,1.75,1.89
2002,1,33,1.41,1.51
2002,1,34,1.09,1.24
2002,1,35,1.62,1.75
2002,1,36,.39,1.09
2002,1,37,1.41,1.51
2002,1,38,.39,1.09
2002,1,39,1.24,1.33
2002,1,40,1.09,1.24
2002,1,41,1.62,1.75
2002,1,42,1.09,1.24
2002,1,44,1.33,1.41
2002,1,45,1.62,1.75
2002,1,46,1.33,1.41
2002,1,47,1.33,1.41
2002,1,48,1.09,1.24
2002,1,49,1.62,1.75
2002,1,50,1.24,1.33
2002,1,51,1.51,1.62
2002,1,53,1.62,1.75
2002,1,54,1.24,1.33
2002,1,55,.39,1.09
2002,1,56,1.24,1.33
2002,2,01,1.33,1.41
2002,2,02,1.24,1.33
2002,2,04,1.62,1.75
2002,2,05,1.09,1.24
2002,2,06,1.75,1.89
2002,2,08,1.62,1.75
2002,2,09,1.24,1.33
2002,2,10,1.24,1.33
2002,2,11,.39,1.09
2002,2,12,1.62,1.75
2002,2,13,1.51,1.62
2002,2,15,1.75,1.89
2002,2,16,1.62,1.75
2002,2,17,1.09,1.24
2002,2,18,1.33,1.41
2002,2,19,.39,1.09
2002,2,20,1.09,1.24
2002,2,21,1.24,1.33
2002,2,22,1.24,1.33
2002,2,23,1.41,1.51
2002,2,24,1.75,1.89
2002,2,25,1.09,1.24
2002,2,26,1.33,1.41
2002,2,27,1.24,1.33
2002,2,28,1.41,1.51
2002,2,29,1.24,1.33
2002,2,30,1.51,1.62
2002,2,31,.39,1.09
2002,2,32,1.75,1.89
2002,2,33,1.41,1.51
2002,2,34,1.33,1.41
2002,2,35,1.62,1.75
2002,2,36,.39,1.09
2002,2,37,1.51,1.62
2002,2,38,.39,1.09
2002,2,39,1.24,1.33
2002,2,40,1.09,1.24
2002,2,41,1.62,1.75
2002,2,42,1.09,1.24
2002,2,44,1.33,1.41
2002,2,45,1.51,1.62
2002,2,46,1.24,1.33
2002,2,47,1.33,1.41
2002,2,48,1.09,1.24
2002,2,49,1.51,1.62
2002,2,50,1.33,1.41
2002,2,51,1.51,1.62
2002,2,53,1.62,1.75
2002,2,54,1.09,1.24
2002,2,55,.39,1.09
2002,2,56,1.24,1.33
2002,3,01,1.41,1.51
2002,3,02,1.24,1.33
2002,3,04,1.75,1.89
2002,3,05,1.24,1.33
2002,3,06,1.89,2.13
2002,3,08,1.75,1.89
2002,3,09,1.33,1.41
2002,3,10,1.33,1.41
2002,3,11,.39,1.09
2002,3,12,1.75,1.89
2002,3,13,1.62,1.75
2002,3,15,1.89,2.13
2002,3,16,1.62,1.75
2002,3,17,1.24,1.33
2002,3,18,1.33,1.41
2002,3,19,.39,1.09
2002,3,20,1.09,1.24
2002,3,21,1.24,1.33
2002,3,22,1.33,1.41
2002,3,23,1.33,1.41
2002,3,24,1.75,1.89
2002,3,25,1.24,1.33
2002,3,26,1.41,1.51
2002,3,27,1.33,1.41
2002,3,28,1.41,1.51
2002,3,29,1.24,1.33
2002,3,30,1.62,1.75
2002,3,31,.39,1.09
2002,3,32,1.75,1.89
2002,3,33,1.51,1.62
2002,3,34,1.41,1.51
2002,3,35,1.62,1.75
2002,3,36,.39,1.09
2002,3,37,1.62,1.75
2002,3,38,.39,1.09
2002,3,39,1.33,1.41
2002,3,40,1.24,1.33
2002,3,41,1.75,1.89
2002,3,42,1.09,1.24
2002,3,44,1.41,1.51
2002,3,45,1.62,1.75
2002,3,46,1.41,1.51
2002,3,47,1.41,1.51
2002,3,48,1.09,1.24
2002,3,49,1.62,1.75
2002,3,50,1.41,1.51
2002,3,51,1.62,1.75
2002,3,53,1.75,1.89
2002,3,54,1.33,1.41
2002,3,55,1.09,1.24
2002,3,56,1.33,1.41
2002,4,01,1.33,1.41
2002,4,02,1.24,1.33
2002,4,04,1.62,1.75
2002,4,05,1.09,1.24
2002,4,06,1.75,1.89
2002,4,08,1.62,1.75
2002,4,09,1.09,1.24
2002,4,10,1.24,1.33
2002,4,11,.39,1.09
2002,4,12,1.62,1.75
2002,4,13,1.51,1.62
2002,4,15,1.62,1.75
2002,4,16,1.62,1.75
2002,4,17,1.09,1.24
2002,4,18,1.24,1.33
2002,4,19,.39,1.09
2002,4,20,1.09,1.24
2002,4,21,1.09,1.24
2002,4,22,1.09,1.24
2002,4,23,1.33,1.41
2002,4,24,1.62,1.75
2002,4,25,1.09,1.24
2002,4,26,1.24,1.33
2002,4,27,1.09,1.24
2002,4,28,1.33,1.41
2002,4,29,1.09,1.24
2002,4,30,1.51,1.62
2002,4,31,.39,1.09
2002,4,32,1.62,1.75
2002,4,33,1.33,1.41
2002,4,34,1.24,1.33
2002,4,35,1.51,1.62
2002,4,36,.39,1.09
2002,4,37,1.51,1.62
2002,4,38,.39,1.09
2002,4,39,1.24,1.33
2002,4,40,1.09,1.24
2002,4,41,1.62,1.75
2002,4,42,1.09,1.24
2002,4,44,1.33,1.41
2002,4,45,1.51,1.62
2002,4,46,1.33,1.41
2002,4,47,1.24,1.33
2002,4,48,1.09,1.24
2002,4,49,1.41,1.51
2002,4,50,1.24,1.33
2002,4,51,1.51,1.62
2002,4,53,1.75,1.89
2002,4,54,1.09,1.24
2002,4,55,.39,1.09
2002,4,56,1.24,1.33
2003,1,01,1.41,1.51
2003,1,02,1.41,1.51
2003,1,04,1.75,1.89
2003,1,05,1.24,1.33
2003,1,06,1.89,2.13
2003,1,08,1.89,2.13
2003,1,09,1.24,1.33
2003,1,10,1.33,1.41
2003,1,11,.39,1.09
2003,1,12,1.75,1.89
2003,1,13,1.62,1.75
2003,1,15,1.89,2.13
2003,1,16,1.75,1.89
2003,1,17,1.24,1.33
2003,1,18,1.33,1.41
2003,1,19,1.09,1.24
2003,1,20,1.09,1.24
2003,1,21,1.33,1.41
2003,1,22,1.33,1.41
2003,1,23,1.41,1.51
2003,1,24,1.75,1.89
2003,1,25,1.24,1.33
2003,1,26,1.41,1.51
2003,1,27,1.33,1.41
2003,1,28,1.41,1.51
2003,1,29,1.24,1.33
2003,1,30,1.62,1.75
2003,1,31,1.09,1.24
2003,1,32,1.75,1.89
2003,1,33,1.62,1.75
2003,1,34,1.33,1.41
2003,1,35,1.62,1.75
2003,1,36,.39,1.09
2003,1,37,1.62,1.75
2003,1,38,1.09,1.24
2003,1,39,1.33,1.41
2003,1,40,1.33,1.41
2003,1,41,1.75,1.89
2003,1,42,1.09,1.24
2003,1,44,1.41,1.51
2003,1,45,1.75,1.89
2003,1,46,1.51,1.62
2003,1,47,1.41,1.51
2003,1,48,1.09,1.24
2003,1,49,1.62,1.75
2003,1,50,1.41,1.51
2003,1,51,1.62,1.75
2003,1,53,1.89,2.13
2003,1,54,1.33,1.41
2003,1,55,1.09,1.24
2003,1,56,1.41,1.51
2003,2,01,1.41,1.51
2003,2,02,1.33,1.41
2003,2,04,1.75,1.89
2003,2,05,1.24,1.33
2003,2,06,1.89,2.13
2003,2,08,1.89,2.13
2003,2,09,1.41,1.51
2003,2,10,1.41,1.51
2003,2,11,.39,1.09
2003,2,12,1.75,1.89
2003,2,13,1.62,1.75
2003,2,15,1.89,2.13
2003,2,16,1.75,1.89
2003,2,17,1.33,1.41
2003,2,18,1.41,1.51
2003,2,19,1.09,1.24
2003,2,20,1.24,1.33
2003,2,21,1.24,1.33
2003,2,22,1.33,1.41
2003,2,23,1.51,1.62
2003,2,24,1.75,1.89
2003,2,25,1.24,1.33
2003,2,26,1.41,1.51
2003,2,27,1.33,1.41
2003,2,28,1.41,1.51
2003,2,29,1.24,1.33
2003,2,30,1.62,1.75
2003,2,31,1.09,1.24
2003,2,32,1.75,1.89
2003,2,33,1.62,1.75
2003,2,34,1.41,1.51
2003,2,35,1.62,1.75
2003,2,36,1.09,1.24
2003,2,37,1.62,1.75
2003,2,38,1.09,1.24
2003,2,39,1.41,1.51
2003,2,40,1.33,1.41
2003,2,41,1.75,1.89
2003,2,42,1.09,1.24
2003,2,44,1.41,1.51
2003,2,45,1.75,1.89
2003,2,46,1.51,1.62
2003,2,47,1.41,1.51
2003,2,48,1.24,1.33
2003,2,49,1.62,1.75
2003,2,50,1.41,1.51
2003,2,51,1.62,1.75
2003,2,53,1.89,2.13
2003,2,54,1.24,1.33
2003,2,55,1.09,1.24
2003,2,56,1.33,1.41
2003,3,01,1.51,1.62
2003,3,02,1.33,1.41
2003,3,04,1.89,2.13
2003,3,05,1.33,1.41
2003,3,06,1.89,2.13
2003,3,08,1.89,2.13
2003,3,09,1.51,1.62
2003,3,10,1.41,1.51
2003,3,11,.39,1.09
2003,3,12,1.89,2.13
2003,3,13,1.75,1.89
2003,3,15,1.89,2.13
2003,3,16,1.75,1.89
2003,3,17,1.41,1.51
2003,3,18,1.41,1.51
2003,3,19,1.09,1.24
2003,3,20,1.24,1.33
2003,3,21,1.33,1.41
2003,3,22,1.33,1.41
2003,3,23,1.41,1.51
2003,3,24,1.89,2.13
2003,3,25,1.33,1.41
2003,3,26,1.51,1.62
2003,3,27,1.33,1.41
2003,3,28,1.41,1.51
2003,3,29,1.33,1.41
2003,3,30,1.62,1.75
2003,3,31,1.09,1.24
2003,3,32,1.75,1.89
2003,3,33,1.62,1.75
2003,3,34,1.51,1.62
2003,3,35,1.75,1.89
2003,3,36,1.09,1.24
2003,3,37,1.62,1.75
2003,3,38,1.09,1.24
2003,3,39,1.41,1.51
2003,3,40,1.41,1.51
2003,3,41,1.75,1.89
2003,3,42,1.24,1.33
2003,3,44,1.51,1.62
2003,3,45,1.75,1.89
2003,3,46,1.51,1.62
2003,3,47,1.41,1.51
2003,3,48,1.24,1.33
2003,3,49,1.75,1.89
2003,3,50,1.51,1.62
2003,3,51,1.75,1.89
2003,3,53,1.75,1.89
2003,3,54,1.33,1.41
2003,3,55,1.24,1.33
2003,3,56,1.33,1.41
2003,4,01,1.41,1.51
2003,4,02,1.41,1.51
2003,4,04,1.75,1.89
2003,4,05,1.24,1.33
2003,4,06,1.89,2.13
2003,4,08,1.89,2.13
2003,4,09,1.33,1.41
2003,4,10,1.33,1.41
2003,4,11,.39,1.09
2003,4,12,1.75,1.89
2003,4,13,1.62,1.75
2003,4,15,1.89,2.13
2003,4,16,1.75,1.89
2003,4,17,1.33,1.41
2003,4,18,1.33,1.41
2003,4,19,1.09,1.24
2003,4,20,1.24,1.33
2003,4,21,1.24,1.33
2003,4,22,1.24,1.33
2003,4,23,1.41,1.51
2003,4,24,1.75,1.89
2003,4,25,1.33,1.41
2003,4,26,1.41,1.51
2003,4,27,1.41,1.51
2003,4,28,1.41,1.51
2003,4,29,1.33,1.41
2003,4,30,1.62,1.75
2003,4,31,1.09,1.24
2003,4,32,1.75,1.89
2003,4,33,1.51,1.62
2003,4,34,1.41,1.51
2003,4,35,1.62,1.75
2003,4,36,.39,1.09
2003,4,37,1.62,1.75
2003,4,38,1.09,1.24
2003,4,39,1.33,1.41
2003,4,40,1.33,1.41
2003,4,41,1.75,1.89
2003,4,42,1.09,1.24
2003,4,44,1.41,1.51
2003,4,45,1.75,1.89
2003,4,46,1.51,1.62
2003,4,47,1.33,1.41
2003,4,48,1.09,1.24
2003,4,49,1.75,1.89
2003,4,50,1.33,1.41
2003,4,51,1.62,1.75
2003,4,53,1.89,2.13
2003,4,54,1.24,1.33
2003,4,55,1.09,1.24
2003,4,56,1.33,1.41
2004,1,01,1.51,1.62
2004,1,02,1.62,1.75
2004,1,04,1.89,2.13
2004,1,05,1.33,1.41
2004,1,06,2.13,
2004,1,08,2.13,
2004,1,09,1.33,1.41
2004,1,10,1.33,1.41
2004,1,11,.39,1.09
2004,1,12,1.89,2.13
2004,1,13,1.75,1.89
2004,1,15,1.89,2.13
2004,1,16,1.89,2.13
2004,1,17,1.41,1.51
2004,1,18,1.41,1.51
2004,1,19,1.09,1.24
2004,1,20,1.33,1.41
2004,1,21,1.33,1.41
2004,1,22,1.41,1.51
2004,1,23,1.62,1.75
2004,1,24,1.89,2.13
2004,1,25,1.41,1.51
2004,1,26,1.62,1.75
2004,1,27,1.51,1.62
2004,1,28,1.51,1.62
2004,1,29,1.41,1.51
2004,1,30,1.75,1.89
2004,1,31,1.24,1.33
2004,1,32,1.89,2.13
2004,1,33,1.75,1.89
2004,1,34,1.51,1.62
2004,1,35,1.75,1.89
2004,1,36,.39,1.09
2004,1,37,1.62,1.75
2004,1,38,1.09,1.24
2004,1,39,1.51,1.62
2004,1,40,1.41,1.51
2004,1,41,1.89,2.13
2004,1,42,1.24,1.33
2004,1,44,1.62,1.75
2004,1,45,1.89,2.13
2004,1,46,1.62,1.75
2004,1,47,1.51,1.62
2004,1,48,1.24,1.33
2004,1,49,1.89,2.13
2004,1,50,1.51,1.62
2004,1,51,1.75,1.89
2004,1,53,2.13,
2004,1,54,1.33,1.41
2004,1,55,1.24,1.33
2004,1,56,1.41,1.51
2004,2,01,1.51,1.62
2004,2,02,1.51,1.62
2004,2,04,1.89,2.13
2004,2,05,1.24,1.33
2004,2,06,2.13,
2004,2,08,2.13,
2004,2,09,1.51,1.62
2004,2,10,1.41,1.51
2004,2,11,.39,1.09
2004,2,12,1.89,2.13
2004,2,13,1.89,2.13
2004,2,15,2.13,
2004,2,16,1.89,2.13
2004,2,17,1.51,1.62
2004,2,18,1.51,1.62
2004,2,19,1.24,1.33
2004,2,20,1.33,1.41
2004,2,21,1.33,1.41
2004,2,22,1.41,1.51
2004,2,23,1.62,1.75
2004,2,24,1.89,2.13
2004,2,25,1.51,1.62
2004,2,26,1.62,1.75
2004,2,27,1.51,1.62
2004,2,28,1.51,1.62
2004,2,29,1.41,1.51
2004,2,30,1.75,1.89
2004,2,31,1.33,1.41
2004,2,32,1.89,2.13
2004,2,33,1.89,2.13
2004,2,34,1.62,1.75
2004,2,35,1.75,1.89
2004,2,36,1.24,1.33
2004,2,37,1.75,1.89
2004,2,38,1.09,1.24
2004,2,39,1.51,1.62
2004,2,40,1.41,1.51
2004,2,41,1.89,2.13
2004,2,42,1.33,1.41
2004,2,44,1.62,1.75
2004,2,45,1.75,1.89
2004,2,46,1.62,1.75
2004,2,47,1.41,1.51
2004,2,48,1.33,1.41
2004,2,49,1.75,1.89
2004,2,50,1.51,1.62
2004,2,51,1.89,2.13
2004,2,53,2.13,
2004,2,54,1.24,1.33
2004,2,55,1.24,1.33
2004,2,56,1.41,1.51
2004,3,01,1.51,1.62
2004,3,02,1.41,1.51
2004,3,04,1.89,2.13
2004,3,05,1.33,1.41
2004,3,06,2.13,
2004,3,08,2.13,
2004,3,09,1.62,1.75
2004,3,10,1.51,1.62
2004,3,11,.39,1.09
2004,3,12,2.13,
2004,3,13,1.89,2.13
2004,3,15,2.13,
2004,3,16,1.89,2.13
2004,3,17,1.51,1.62
2004,3,18,1.51,1.62
2004,3,19,1.24,1.33
2004,3,20,1.33,1.41
2004,3,21,1.41,1.51
2004,3,22,1.41,1.51
2004,3,23,1.62,1.75
2004,3,24,2.13,
2004,3,25,1.51,1.62
2004,3,26,1.62,1.75
2004,3,27,1.62,1.75
2004,3,28,1.41,1.51
2004,3,29,1.41,1.51
2004,3,30,1.89,2.13
2004,3,31,1.33,1.41
2004,3,32,1.89,2.13
2004,3,33,1.75,1.89
2004,3,34,1.75,1.89
2004,3,35,1.75,1.89
2004,3,36,1.24,1.33
2004,3,37,1.75,1.89
2004,3,38,1.09,1.24
2004,3,39,1.51,1.62
2004,3,40,1.41,1.51
2004,3,41,1.89,2.13
2004,3,42,1.33,1.41
2004,3,44,1.75,1.89
2004,3,45,1.75,1.89
2004,3,46,1.75,1.89
2004,3,47,1.51,1.62
2004,3,48,1.33,1.41
2004,3,49,1.89,2.13
2004,3,50,1.33,1.41
2004,3,51,1.89,2.13
2004,3,53,1.89,2.13
2004,3,54,1.33,1.41
2004,3,55,1.33,1.41
2004,3,56,1.41,1.51
2004,4,01,1.41,1.51
2004,4,02,1.51,1.62
2004,4,04,1.89,2.13
2004,4,05,1.24,1.33
2004,4,06,2.13,
2004,4,08,1.89,2.13
2004,4,09,1.41,1.51
2004,4,10,1.33,1.41
2004,4,11,.39,1.09
2004,4,12,1.89,2.13
2004,4,13,1.75,1.89
2004,4,15,1.89,2.13
2004,4,16,1.75,1.89
2004,4,17,1.41,1.51
2004,4,18,1.41,1.51
2004,4,19,1.09,1.24
2004,4,20,1.09,1.24
2004,4,21,1.24,1.33
2004,4,22,1.24,1.33
2004,4,23,1.51,1.62
2004,4,24,1.89,2.13
2004,4,25,1.41,1.51
2004,4,26,1.51,1.62
2004,4,27,1.41,1.51
2004,4,28,1.33,1.41
2004,4,29,1.33,1.41
2004,4,30,1.62,1.75
2004,4,31,1.09,1.24
2004,4,32,1.75,1.89
2004,4,33,1.62,1.75
2004,4,34,1.51,1.62
2004,4,35,1.62,1.75
2004,4,36,1.09,1.24
2004,4,37,1.62,1.75
2004,4,38,.39,1.09
2004,4,39,1.33,1.41
2004,4,40,1.33,1.41
2004,4,41,1.75,1.89
2004,4,42,1.24,1.33
2004,4,44,1.62,1.75
2004,4,45,1.75,1.89
2004,4,46,1.51,1.62
2004,4,47,1.33,1.41
2004,4,48,1.09,1.24
2004,4,49,1.75,1.89
2004,4,50,1.41,1.51
2004,4,51,1.75,1.89
2004,4,53,1.89,2.13
2004,4,54,1.24,1.33
2004,4,55,1.09,1.24
2004,4,56,1.33,1.41
2005,1,01,1.51,1.62
2005,1,02,1.62,1.75
2005,1,04,1.89,2.13
2005,1,05,1.33,1.41
2005,1,06,2.13,
2005,1,08,2.13,
2005,1,09,1.41,1.51
2005,1,10,1.33,1.41
2005,1,11,.39,1.09
2005,1,12,2.13,
2005,1,13,1.89,2.13
2005,1,15,2.13,
2005,1,16,2.13,
2005,1,17,1.51,1.62
2005,1,18,1.51,1.62
2005,1,19,1.24,1.33
2005,1,20,1.33,1.41
2005,1,21,1.41,1.51
2005,1,22,1.41,1.51
2005,1,23,1.75,1.89
2005,1,24,2.13,
2005,1,25,1.51,1.62
2005,1,26,1.62,1.75
2005,1,27,1.62,1.75
2005,1,28,1.51,1.62
2005,1,29,1.41,1.51
2005,1,30,1.89,2.13
2005,1,31,1.33,1.41
2005,1,32,1.89,2.13
2005,1,33,1.89,2.13
2005,1,34,1.62,1.75
2005,1,35,1.89,2.13
2005,1,36,.39,1.09
2005,1,37,1.75,1.89
2005,1,38,1.09,1.24
2005,1,39,1.51,1.62
2005,1,40,1.41,1.51
2005,1,41,1.89,2.13
2005,1,42,1.33,1.41
2005,1,44,1.75,1.89
2005,1,45,1.89,2.13
2005,1,46,1.75,1.89
2005,1,47,1.51,1.62
2005,1,48,1.24,1.33
2005,1,49,1.89,2.13
2005,1,50,1.51,1.62
2005,1,51,1.89,2.13
2005,1,53,2.13,
2005,1,54,1.33,1.41
2005,1,55,1.33,1.41
2005,1,56,1.41,1.51
2005,2,01,1.51,1.62
2005,2,02,1.51,1.62
2005,2,04,1.89,2.13
2005,2,05,1.33,1.41
2005,2,06,2.13,
2005,2,08,2.13,
2005,2,09,1.62,1.75
2005,2,10,1.51,1.62
2005,2,11,.39,1.09
2005,2,12,2.13,
2005,2,13,1.89,2.13
2005,2,15,2.13,
2005,2,16,1.89,2.13
2005,2,17,1.62,1.75
2005,2,18,1.51,1.62
2005,2,19,1.24,1.33
2005,2,20,1.33,1.41
2005,2,21,1.41,1.51
2005,2,22,1.41,1.51
2005,2,23,1.75,1.89
2005,2,24,2.13,
2005,2,25,1.62,1.75
2005,2,26,1.62,1.75
2005,2,27,1.62,1.75
2005,2,28,1.51,1.62
2005,2,29,1.41,1.51
2005,2,30,1.75,1.89
2005,2,31,1.33,1.41
2005,2,32,1.89,2.13
2005,2,33,1.89,2.13
2005,2,34,1.75,1.89
2005,2,35,1.75,1.89
2005,2,36,1.24,1.33
2005,2,37,1.75,1.89
2005,2,38,1.09,1.24
2005,2,39,1.51,1.62
2005,2,40,1.41,1.51
2005,2,41,1.89,2.13
2005,2,42,1.33,1.41
2005,2,44,1.75,1.89
2005,2,45,1.75,1.89
2005,2,46,1.75,1.89
2005,2,47,1.51,1.62
2005,2,48,1.33,1.41
2005,2,49,1.89,2.13
2005,2,50,1.51,1.62
2005,2,51,1.89,2.13
2005,2,53,2.13,
2005,2,54,1.24,1.33
2005,2,55,1.33,1.41
2005,2,56,1.41,1.51
2005,3,01,1.51,1.62
2005,3,02,1.41,1.51
2005,3,04,1.89,2.13
2005,3,05,1.41,1.51
2005,3,06,2.13,
2005,3,08,2.13,
2005,3,09,1.62,1.75
2005,3,10,1.51,1.62
2005,3,11,.39,1.09
2005,3,12,2.13,
2005,3,13,1.89,2.13
2005,3,15,2.13,
2005,3,16,1.89,2.13
2005,3,17,1.62,1.75
2005,3,18,1.51,1.62
2005,3,19,1.24,1.33
2005,3,20,1.33,1.41
2005,3,21,1.41,1.51
2005,3,22,1.41,1.51
2005,3,23,1.75,1.89
2005,3,24,2.13,
2005,3,25,1.62,1.75
2005,3,26,1.62,1.75
2005,3,27,1.62,1.75
2005,3,28,1.41,1.51
2005,3,29,1.41,1.51
2005,3,30,1.75,1.89
2005,3,31,1.24,1.33
2005,3,32,2.13,
2005,3,33,1.89,2.13
2005,3,34,1.75,1.89
2005,3,35,1.75,1.89
2005,3,36,1.24,1.33
2005,3,37,1.75,1.89
2005,3,38,1.09,1.24
2005,3,39,1.51,1.62
2005,3,40,1.41,1.51
2005,3,41,1.89,2.13
2005,3,42,1.33,1.41
2005,3,44,1.75,1.89
2005,3,45,1.89,2.13
2005,3,46,1.75,1.89
2005,3,47,1.51,1.62
2005,3,48,1.24,1.33
2005,3,49,1.75,1.89
2005,3,50,1.51,1.62
2005,3,51,1.89,2.13
2005,3,53,1.89,2.13
2005,3,54,1.41,1.51
2005,3,55,1.33,1.41
2005,3,56,1.41,1.51
2005,4,01,1.41,1.51
2005,4,02,1.62,1.75
2005,4,04,1.89,2.13
2005,4,05,1.33,1.41
2005,4,06,2.13,
2005,4,08,2.13,
2005,4,09,1.51,1.62
2005,4,10,1.33,1.41
2005,4,11,.39,1.09
2005,4,12,1.89,2.13
2005,4,13,1.75,1.89
2005,4,15,2.13,
2005,4,16,1.89,2.13
2005,4,17,1.51,1.62
2005,4,18,1.41,1.51
2005,4,19,1.09,1.24
2005,4,20,1.24,1.33
2005,4,21,1.33,1.41
2005,4,22,1.09,1.24
2005,4,23,1.75,1.89
2005,4,24,2.13,
2005,4,25,1.51,1.62
2005,4,26,1.62,1.75
2005,4,27,1.62,1.75
2005,4,28,1.09,1.24
2005,4,29,1.41,1.51
2005,4,30,1.75,1.89
2005,4,31,1.24,1.33
2005,4,32,1.89,2.13
2005,4,33,1.75,1.89
2005,4,34,1.62,1.75
2005,4,35,1.62,1.75
2005,4,36,1.09,1.24
2005,4,37,1.75,1.89
2005,4,38,.39,1.09
2005,4,39,1.41,1.51
2005,4,40,1.24,1.33
2005,4,41,1.89,2.13
2005,4,42,1.33,1.41
2005,4,44,1.75,1.89
2005,4,45,1.75,1.89
2005,4,46,1.62,1.75
2005,4,47,1.41,1.51
2005,4,48,1.09,1.24
2005,4,49,1.75,1.89
2005,4,50,1.41,1.51
2005,4,51,1.89,2.13
2005,4,53,2.13,
2005,4,54,1.33,1.41
2005,4,55,1.33,1.41
2005,4,56,1.33,1.41
2006,1,01,1.41,1.51
2006,1,02,1.62,1.75
2006,1,04,1.89,2.13
2006,1,05,1.33,1.41
2006,1,06,2.13,
2006,1,08,2.13,
2006,1,09,1.41,1.51
2006,1,10,1.33,1.41
2006,1,11,.39,1.09
2006,1,12,2.13,
2006,1,13,1.89,2.13
2006,1,15,2.13,
2006,1,16,1.89,2.13
2006,1,17,1.51,1.62
2006,1,18,1.41,1.51
2006,1,19,1.24,1.33
2006,1,20,1.33,1.41
2006,1,21,1.41,1.51
2006,1,22,1.09,1.24
2006,1,23,1.89,2.13
2006,1,24,2.13,
2006,1,25,1.62,1.75
2006,1,26,1.75,1.89
2006,1,27,1.62,1.75
2006,1,28,1.33,1.41
2006,1,29,1.41,1.51
2006,1,30,1.89,2.13
2006,1,31,1.33,1.41
2006,1,32,2.13,
2006,1,33,1.89,2.13
2006,1,34,1.62,1.75
2006,1,35,1.75,1.89
2006,1,36,.39,1.09
2006,1,37,1.62,1.75
2006,1,38,1.09,1.24
2006,1,39,1.51,1.62
2006,1,40,1.24,1.33
2006,1,41,1.89,2.13
2006,1,42,1.33,1.41
2006,1,44,1.89,2.13
2006,1,45,1.89,2.13
2006,1,46,1.75,1.89
2006,1,47,1.51,1.62
2006,1,48,1.09,1.24
2006,1,49,1.89,2.13
2006,1,50,1.51,1.62
2006,1,51,1.89,2.13
2006,1,53,2.13,
2006,1,54,1.33,1.41
2006,1,55,1.41,1.51
2006,1,56,1.41,1.51
2006,2,01,1.51,1.62
2006,2,02,1.62,1.75
2006,2,04,2.13,
2006,2,05,1.41,1.51
2006,2,06,2.13,
2006,2,08,2.13,
2006,2,09,1.75,1.89
2006,2,10,1.51,1.62
2006,2,11,.39,1.09
2006,2,12,2.13,
2006,2,13,1.89,2.13
2006,2,15,2.13,
2006,2,16,1.89,2.13
2006,2,17,1.62,1.75
2006,2,18,1.51,1.62
2006,2,19,1.33,1.41
2006,2,20,1.33,1.41
2006,2,21,1.33,1.41
2006,2,22,1.24,1.33
2006,2,23,1.89,2.13
2006,2,24,2.13,
2006,2,25,1.75,1.89
2006,2,26,1.75,1.89
2006,2,27,1.75,1.89
2006,2,28,1.41,1.51
2006,2,29,1.51,1.62
2006,2,30,1.89,2.13
2006,2,31,1.33,1.41
2006,2,32,2.13,
2006,2,33,2.13,
2006,2,34,1.89,2.13
2006,2,35,1.75,1.89
2006,2,36,1.33,1.41
2006,2,37,1.75,1.89
2006,2,38,1.09,1.24
2006,2,39,1.51,1.62
2006,2,40,1.33,1.41
2006,2,41,2.13,
2006,2,42,1.41,1.51
2006,2,44,1.89,2.13
2006,2,45,1.89,2.13
2006,2,46,1.62,1.75
2006,2,47,1.51,1.62
2006,2,48,1.24,1.33
2006,2,49,1.89,2.13
2006,2,50,1.62,1.75
2006,2,51,2.13,
2006,2,53,2.13,
2006,2,54,1.24,1.33
2006,2,55,1.41,1.51
2006,2,56,1.33,1.41
2006,3,01,1.51,1.62
2006,3,02,1.62,1.75
2006,3,04,2.13,
2006,3,05,1.51,1.62
2006,3,06,2.13,
2006,3,08,2.13,
2006,3,09,1.89,2.13
2006,3,10,1.62,1.75
2006,3,11,.39,1.09
2006,3,12,2.13,
2006,3,13,1.89,2.13
2006,3,15,2.13,
2006,3,16,1.89,2.13
2006,3,17,1.75,1.89
2006,3,18,1.51,1.62
2006,3,19,1.33,1.41
2006,3,20,1.41,1.51
2006,3,21,1.51,1.62
2006,3,22,1.33,1.41
2006,3,23,1.89,2.13
2006,3,24,2.13,
2006,3,25,1.75,1.89
2006,3,26,1.75,1.89
2006,3,27,1.75,1.89
2006,3,28,1.51,1.62
2006,3,29,1.62,1.75
2006,3,30,1.89,2.13
2006,3,31,1.41,1.51
2006,3,32,2.13,
2006,3,33,2.13,
2006,3,34,1.89,2.13
2006,3,35,1.75,1.89
2006,3,36,1.41,1.51
2006,3,37,1.89,2.13
2006,3,38,1.09,1.24
2006,3,39,1.51,1.62
2006,3,40,1.41,1.51
2006,3,41,2.13,
2006,3,42,1.41,1.51
2006,3,44,1.89,2.13
2006,3,45,1.89,2.13
2006,3,46,1.75,1.89
2006,3,47,1.51,1.62
2006,3,48,1.33,1.41
2006,3,49,1.89,2.13
2006,3,50,1.62,1.75
2006,3,51,2.13,
2006,3,53,2.13,
2006,3,54,1.41,1.51
2006,3,55,1.51,1.62
2006,3,56,1.33,1.41
2006,4,01,1.41,1.51
2006,4,02,1.62,1.75
2006,4,04,2.13,
2006,4,05,1.33,1.41
2006,4,06,2.13,
2006,4,08,2.13,
2006,4,09,1.62,1.75
2006,4,10,1.51,1.62
2006,4,11,.39,1.09
2006,4,12,2.13,
2006,4,13,1.89,2.13
2006,4,15,2.13,
2006,4,16,1.89,2.13
2006,4,17,1.51,1.62
2006,4,18,1.51,1.62
2006,4,19,1.24,1.33
2006,4,20,1.24,1.33
2006,4,21,1.33,1.41
2006,4,22,1.24,1.33
2006,4,23,1.75,1.89
2006,4,24,2.13,
2006,4,25,1.51,1.62
2006,4,26,1.62,1.75
2006,4,27,1.75,1.89
2006,4,28,1.41,1.51
2006,4,29,1.41,1.51
2006,4,30,1.75,1.89
2006,4,31,1.24,1.33
2006,4,32,2.13,
2006,4,33,1.75,1.89
2006,4,34,1.75,1.89
2006,4,35,1.62,1.75
2006,4,36,1.24,1.33
2006,4,37,1.75,1.89
2006,4,38,.39,1.09
2006,4,39,1.41,1.51
2006,4,40,1.24,1.33
2006,4,41,1.89,2.13
2006,4,42,1.33,1.41
2006,4,44,1.89,2.13
2006,4,45,1.89,2.13
2006,4,46,1.62,1.75
2006,4,47,1.41,1.51
2006,4,48,1.09,1.24
2006,4,49,1.75,1.89
2006,4,50,1.51,1.62
2006,4,51,2.13,
2006,4,53,2.13,
2006,4,54,1.24,1.33
2006,4,55,1.33,1.41
2006,4,56,1.24,1.33
2007,1,01,1.51,1.62
2007,1,02,1.75,1.89
2007,1,04,2.13,
2007,1,05,1.33,1.41
2007,1,06,2.13,
2007,1,08,2.13,
2007,1,09,1.41,1.51
2007,1,10,1.41,1.51
2007,1,11,.39,1.09
2007,1,12,2.13,
2007,1,13,1.89,2.13
2007,1,15,2.13,
2007,1,16,1.89,2.13
2007,1,17,1.51,1.62
2007,1,18,1.51,1.62
2007,1,19,1.24,1.33
2007,1,20,1.33,1.41
2007,1,21,1.41,1.51
2007,1,22,1.33,1.41
2007,1,23,1.75,1.89
2007,1,24,2.13,
2007,1,25,1.51,1.62
2007,1,26,1.75,1.89
2007,1,27,1.75,1.89
2007,1,28,1.51,1.62
2007,1,29,1.51,1.62
2007,1,30,1.89,2.13
2007,1,31,1.33,1.41
2007,1,32,2.13,
2007,1,33,1.89,2.13
2007,1,34,1.75,1.89
2007,1,35,1.75,1.89
2007,1,36,.39,1.09
2007,1,37,1.62,1.75
2007,1,38,1.09,1.24
2007,1,39,1.51,1.62
2007,1,40,1.33,1.41
2007,1,41,2.13,
2007,1,42,1.33,1.41
2007,1,44,1.89,2.13
2007,1,45,1.89,2.13
2007,1,46,1.51,1.62
2007,1,47,1.51,1.62
2007,1,48,1.09,1.24
2007,1,49,1.89,2.13
2007,1,50,1.62,1.75
2007,1,51,2.13,
2007,1,53,2.13,
2007,1,54,1.33,1.41
2007,1,55,1.41,1.51
2007,1,56,1.33,1.41
2007,2,01,1.62,1.75
2007,2,02,1.62,1.75
2007,2,04,2.13,
2007,2,05,1.41,1.51
2007,2,06,2.13,
2007,2,08,2.13,
2007,2,09,1.75,1.89
2007,2,10,1.62,1.75
2007,2,11,.39,1.09
2007,2,12,2.13,
2007,2,13,1.89,2.13
2007,2,15,2.13,
2007,2,16,1.89,2.13
2007,2,17,1.75,1.89
2007,2,18,1.51,1.62
2007,2,19,1.33,1.41
2007,2,20,1.24,1.33
2007,2,21,1.41,1.51
2007,2,22,1.33,1.41
2007,2,23,1.75,1.89
2007,2,24,2.13,
2007,2,25,1.62,1.75
2007,2,26,1.75,1.89
2007,2,27,1.75,1.89
2007,2,28,1.51,1.62
2007,2,29,1.51,1.62
2007,2,30,1.89,2.13
2007,2,31,1.33,1.41
2007,2,32,2.13,
2007,2,33,1.89,2.13
2007,2,34,1.89,2.13
2007,2,35,1.75,1.89
2007,2,36,1.33,1.41
2007,2,37,1.89,2.13
2007,2,38,1.09,1.24
2007,2,39,1.51,1.62
2007,2,40,1.33,1.41
2007,2,41,2.13,
2007,2,42,1.41,1.51
2007,2,44,1.89,2.13
2007,2,45,1.89,2.13
2007,2,46,1.51,1.62
2007,2,47,1.62,1.75
2007,2,48,1.24,1.33
2007,2,49,1.89,2.13
2007,2,50,1.62,1.75
2007,2,51,2.13,
2007,2,53,2.13,
2007,2,54,1.33,1.41
2007,2,55,1.41,1.51
2007,2,56,1.41,1.51
2007,3,01,1.62,1.75
2007,3,02,1.62,1.75
2007,3,04,2.13,
2007,3,05,1.51,1.62
2007,3,06,2.13,
2007,3,08,2.13,
2007,3,09,1.75,1.89
2007,3,10,1.75,1.89
2007,3,11,.39,1.09
2007,3,12,2.13,
2007,3,13,2.13,
2007,3,15,2.13,
2007,3,16,2.13,
2007,3,17,1.75,1.89
2007,3,18,1.62,1.75
2007,3,19,1.33,1.41
2007,3,20,1.41,1.51
2007,3,21,1.51,1.62
2007,3,22,1.41,1.51
2007,3,23,1.75,1.89
2007,3,24,2.13,
2007,3,25,1.75,1.89
2007,3,26,1.75,1.89
2007,3,27,1.75,1.89
2007,3,28,1.51,1.62
2007,3,29,1.62,1.75
2007,3,30,1.89,2.13
2007,3,31,1.33,1.41
2007,3,32,2.13,
2007,3,33,2.13,
2007,3,34,1.89,2.13
2007,3,35,1.75,1.89
2007,3,36,1.41,1.51
2007,3,37,1.89,2.13
2007,3,38,1.09,1.24
2007,3,39,1.51,1.62
2007,3,40,1.41,1.51
2007,3,41,2.13,
2007,3,42,1.51,1.62
2007,3,44,2.13,
2007,3,45,2.13,
2007,3,46,1.51,1.62
2007,3,47,1.62,1.75
2007,3,48,1.33,1.41
2007,3,49,1.89,2.13
2007,3,50,1.62,1.75
2007,3,51,2.13,
2007,3,53,2.13,
2007,3,54,1.41,1.51
2007,3,55,1.51,1.62
2007,3,56,1.41,1.51
2007,4,01,1.51,1.62
2007,4,02,1.75,1.89
2007,4,04,2.13,
2007,4,05,1.33,1.41
2007,4,06,2.13,
2007,4,08,2.13,
2007,4,09,1.62,1.75
2007,4,10,1.62,1.75
2007,4,11,.39,1.09
2007,4,12,2.13,
2007,4,13,1.89,2.13
2007,4,15,2.13,
2007,4,16,1.89,2.13
2007,4,17,1.62,1.75
2007,4,18,1.51,1.62
2007,4,19,1.24,1.33
2007,4,20,1.24,1.33
2007,4,21,1.41,1.51
2007,4,22,1.24,1.33
2007,4,23,1.75,1.89
2007,4,24,2.13,
2007,4,25,1.51,1.62
2007,4,26,1.75,1.89
2007,4,27,1.75,1.89
2007,4,28,1.41,1.51
2007,4,29,1.51,1.62
2007,4,30,1.89,2.13
2007,4,31,1.24,1.33
2007,4,32,2.13,
2007,4,33,1.89,2.13
2007,4,34,1.75,1.89
2007,4,35,1.75,1.89
2007,4,36,1.24,1.33
2007,4,37,1.75,1.89
2007,4,38,.39,1.09
2007,4,39,1.41,1.51
2007,4,40,1.24,1.33
2007,4,41,2.13,
2007,4,42,1.41,1.51
2007,4,44,1.89,2.13
2007,4,45,1.89,2.13
2007,4,46,1.51,1.62
2007,4,47,1.51,1.62
2007,4,48,1.09,1.24
2007,4,49,1.89,2.13
2007,4,50,1.51,1.62
2007,4,51,2.13,
2007,4,53,2.13,
2007,4,54,1.33,1.41
2007,4,55,1.33,1.41
2007,4,56,1.33,1.41
2008,1,01,1.62,1.75
2008,1,02,1.75,1.89
2008,1,04,2.13,
2008,1,05,1.41,1.51
2008,1,06,2.13,
2008,1,08,2.13,
2008,1,09,1.51,1.62
2008,1,10,1.62,1.75
2008,1,11,.39,1.09
2008,1,12,2.13,
2008,1,13,1.89,2.13
2008,1,15,2.13,
2008,1,16,2.13,
2008,1,17,1.62,1.75
2008,1,18,1.51,1.62
2008,1,19,1.33,1.41
2008,1,20,1.33,1.41
2008,1,21,1.41,1.51
2008,1,22,1.33,1.41
2008,1,23,1.89,2.13
2008,1,24,2.13,
2008,1,25,1.51,1.62
2008,1,26,1.75,1.89
2008,1,27,1.75,1.89
2008,1,28,1.51,1.62
2008,1,29,1.51,1.62
2008,1,30,1.89,2.13
2008,1,31,1.33,1.41
2008,1,32,2.13,
2008,1,33,1.89,2.13
2008,1,34,1.75,1.89
2008,1,35,1.75,1.89
2008,1,36,1.09,1.24
2008,1,37,1.75,1.89
2008,1,38,1.09,1.24
2008,1,39,1.51,1.62
2008,1,40,1.33,1.41
2008,1,41,2.13,
2008,1,42,1.41,1.51
2008,1,44,1.89,2.13
2008,1,45,2.13,
2008,1,46,1.51,1.62
2008,1,47,1.62,1.75
2008,1,48,1.24,1.33
2008,1,49,2.13,
2008,1,50,1.62,1.75
2008,1,51,2.13,
2008,1,53,2.13,
2008,1,54,1.33,1.41
2008,1,55,1.41,1.51
2008,1,56,1.41,1.51
2008,2,01,1.62,1.75
2008,2,02,1.75,1.89
2008,2,04,2.13,
2008,2,05,1.51,1.62
2008,2,06,2.13,
2008,2,08,2.13,
2008,2,09,1.75,1.89
2008,2,10,1.75,1.89
2008,2,11,.39,1.09
2008,2,12,2.13,
2008,2,13,2.13,
2008,2,15,2.13,
2008,2,16,2.13,
2008,2,17,1.75,1.89
2008,2,18,1.62,1.75
2008,2,19,1.33,1.41
2008,2,20,1.33,1.41
2008,2,21,1.41,1.51
2008,2,22,1.41,1.51
2008,2,23,1.89,2.13
2008,2,24,2.13,
2008,2,25,1.62,1.75
2008,2,26,1.75,1.89
2008,2,27,1.75,1.89
2008,2,28,1.51,1.62
2008,2,29,1.51,1.62
2008,2,30,1.89,2.13
2008,2,31,1.33,1.41
2008,2,32,2.13,
2008,2,33,2.13,
2008,2,34,1.89,2.13
2008,2,35,1.89,2.13
2008,2,36,1.41,1.51
2008,2,37,1.89,2.13
2008,2,38,.39,1.09
2008,2,39,1.62,1.75
2008,2,40,1.33,1.41
2008,2,41,2.13,
2008,2,42,1.51,1.62
2008,2,44,2.13,
2008,2,45,2.13,
2008,2,46,1.51,1.62
2008,2,47,1.62,1.75
2008,2,48,1.33,1.41
2008,2,49,2.13,
2008,2,50,1.62,1.75
2008,2,51,2.13,
2008,2,53,2.13,
2008,2,54,1.33,1.41
2008,2,55,1.51,1.62
2008,2,56,1.33,1.41
2008,3,01,1.62,1.75
2008,3,02,1.75,1.89
2008,3,04,2.13,
2008,3,05,1.51,1.62
2008,3,06,2.13,
2008,3,08,2.13,
2008,3,09,1.89,2.13
2008,3,10,1.75,1.89
2008,3,11,.39,1.09
2008,3,12,2.13,
2008,3,13,2.13,
2008,3,15,2.13,
2008,3,16,2.13,
2008,3,17,1.75,1.89
2008,3,18,1.62,1.75
2008,3,19,1.33,1.41
2008,3,20,1.41,1.51
2008,3,21,1.51,1.62
2008,3,22,1.41,1.51
2008,3,23,1.89,2.13
2008,3,24,2.13,
2008,3,25,1.75,1.89
2008,3,26,1.89,2.13
2008,3,27,1.75,1.89
2008,3,28,1.62,1.75
2008,3,29,1.62,1.75
2008,3,30,2.13,
2008,3,31,1.33,1.41
2008,3,32,2.13,
2008,3,33,2.13,
2008,3,34,2.13,
2008,3,35,1.89,2.13
2008,3,36,1.41,1.51
2008,3,37,1.89,2.13
2008,3,38,1.09,1.24
2008,3,39,1.51,1.62
2008,3,40,1.41,1.51
2008,3,41,2.13,
2008,3,42,1.51,1.62
2008,3,44,2.13,
2008,3,45,2.13,
2008,3,46,1.51,1.62
2008,3,47,1.62,1.75
2008,3,48,1.33,1.41
2008,3,49,2.13,
2008,3,50,1.75,1.89
2008,3,51,2.13,
2008,3,53,2.13,
2008,3,54,1.41,1.51
2008,3,55,1.51,1.62
2008,3,56,1.41,1.51
2008,4,01,1.51,1.62
2008,4,02,1.75,1.89
2008,4,04,2.13,
2008,4,05,1.41,1.51
2008,4,06,2.13,
2008,4,08,2.13,
2008,4,09,1.62,1.75
2008,4,10,1.75,1.89
2008,4,11,.39,1.09
2008,4,12,2.13,
2008,4,13,1.89,2.13
2008,4,15,2.13,
2008,4,16,2.13,
2008,4,17,1.62,1.75
2008,4,18,1.51,1.62
2008,4,19,1.24,1.33
2008,4,20,1.24,1.33
2008,4,21,1.41,1.51
2008,4,22,1.24,1.33
2008,4,23,1.75,1.89
2008,4,24,2.13,
2008,4,25,1.51,1.62
2008,4,26,1.62,1.75
2008,4,27,1.62,1.75
2008,4,28,1.51,1.62
2008,4,29,1.41,1.51
2008,4,30,1.89,2.13
2008,4,31,1.24,1.33
2008,4,32,2.13,
2008,4,33,1.89,2.13
2008,4,34,1.89,2.13
2008,4,35,1.75,1.89
2008,4,36,1.24,1.33
2008,4,37,1.89,2.13
2008,4,38,.39,1.09
2008,4,39,1.51,1.62
2008,4,40,1.24,1.33
2008,4,41,2.13,
2008,4,42,1.41,1.51
2008,4,44,1.89,2.13
2008,4,45,1.89,2.13
2008,4,46,1.41,1.51
2008,4,47,1.51,1.62
2008,4,48,1.09,1.24
2008,4,49,1.89,2.13
2008,4,50,1.62,1.75
2008,4,51,2.13,
2008,4,53,2.13,
2008,4,54,1.24,1.33
2008,4,55,1.41,1.51
2008,4,56,1.33,1.41
2009,1,01,1.75,1.89
2009,1,02,1.75,1.89
2009,1,04,2.13,
2009,1,05,1.41,1.51
2009,1,06,2.13,
2009,1,08,2.13,
2009,1,09,1.62,1.75
2009,1,10,1.75,1.89
2009,1,11,.39,1.09
2009,1,12,2.13,
2009,1,13,2.13,
2009,1,15,2.13,
2009,1,16,2.13,
2009,1,17,1.75,1.89
2009,1,18,1.62,1.75
2009,1,19,1.33,1.41
2009,1,20,1.33,1.41
2009,1,21,1.51,1.62
2009,1,22,1.33,1.41
2009,1,23,1.89,2.13
2009,1,24,2.13,
2009,1,25,1.62,1.75
2009,1,26,1.89,2.13
2009,1,27,1.75,1.89
2009,1,28,1.62,1.75
2009,1,29,1.62,1.75
2009,1,30,2.13,
2009,1,31,1.33,1.41
2009,1,32,2.13,
2009,1,33,2.13,
2009,1,34,1.89,2.13
2009,1,35,1.89,2.13
2009,1,36,1.24,1.33
2009,1,37,1.89,2.13
2009,1,38,1.09,1.24
2009,1,39,1.62,1.75
2009,1,40,1.41,1.51
2009,1,41,2.13,
2009,1,42,1.51,1.62
2009,1,44,2.13,
2009,1,45,2.13,
2009,1,46,1.62,1.75
2009,1,47,1.75,1.89
2009,1,48,1.24,1.33
2009,1,49,2.13,
2009,1,50,1.62,1.75
2009,1,51,2.13,
2009,1,53,2.13,
2009,1,54,1.33,1.41
2009,1,55,1.51,1.62
2009,1,56,1.51,1.62
2009,2,01,1.75,1.89
2009,2,02,1.75,1.89
2009,2,04,2.13,
2009,2,05,1.51,1.62
2009,2,06,2.13,
2009,2,08,2.13,
2009,2,09,1.89,2.13
2009,2,10,1.89,2.13
2009,2,11,.39,1.09
2009,2,12,2.13,
2009,2,13,2.13,
2009,2,15,2.13,
2009,2,16,2.13,
2009,2,17,1.89,2.13
2009,2,18,1.62,1.75
2009,2,19,1.33,1.41
2009,2,20,1.33,1.41
2009,2,21,1.51,1.62
2009,2,22,1.41,1.51
2009,2,23,1.89,2.13
2009,2,24,2.13,
2009,2,25,1.75,1.89
2009,2,26,1.89,2.13
2009,2,27,1.75,1.89
2009,2,28,1.62,1.75
2009,2,29,1.62,1.75
2009,2,30,1.89,2.13
2009,2,31,1.33,1.41
2009,2,32,2.13,
2009,2,33,2.13,
2009,2,34,2.13,
2009,2,35,1.89,2.13
2009,2,36,1.51,1.62
2009,2,37,1.89,2.13
2009,2,38,.39,1.09
2009,2,39,1.62,1.75
2009,2,40,1.41,1.51
2009,2,41,2.13,
2009,2,42,1.51,1.62
2009,2,44,2.13,
2009,2,45,2.13,
2009,2,46,1.62,1.75
2009,2,47,1.75,1.89
2009,2,48,1.33,1.41
2009,2,49,2.13,
2009,2,50,1.75,1.89
2009,2,51,2.13,
2009,2,53,2.13,
2009,2,54,1.33,1.41
2009,2,55,1.51,1.62
2009,2,56,1.51,1.62
2009,3,01,1.75,1.89
2009,3,02,1.62,1.75
2009,3,04,2.13,
2009,3,05,1.51,1.62
2009,3,06,2.13,
2009,3,08,2.13,
2009,3,09,1.89,2.13
2009,3,10,1.89,2.13
2009,3,11,.39,1.09
2009,3,12,2.13,
2009,3,13,2.13,
2009,3,15,2.13,
2009,3,16,2.13,
2009,3,17,1.89,2.13
2009,3,18,1.62,1.75
2009,3,19,1.41,1.51
2009,3,20,1.41,1.51
2009,3,21,1.51,1.62
2009,3,22,1.41,1.51
2009,3,23,1.89,2.13
2009,3,24,2.13,
2009,3,25,1.75,1.89
2009,3,26,1.89,2.13
2009,3,27,1.89,2.13
2009,3,28,1.62,1.75
2009,3,29,1.62,1.75
2009,3,30,1.89,2.13
2009,3,31,1.33,1.41
2009,3,32,2.13,
2009,3,33,2.13,
2009,3,34,2.13,
2009,3,35,1.89,2.13
2009,3,36,1.51,1.62
2009,3,37,1.89,2.13
2009,3,38,1.09,1.24
2009,3,39,1.62,1.75
2009,3,40,1.41,1.51
2009,3,41,2.13,
2009,3,42,1.51,1.62
2009,3,44,2.13,
2009,3,45,2.13,
2009,3,46,1.51,1.62
2009,3,47,1.75,1.89
2009,3,48,1.33,1.41
2009,3,49,2.13,
2009,3,50,1.75,1.89
2009,3,51,2.13,
2009,3,53,2.13,
2009,3,54,1.41,1.51
2009,3,55,1.51,1.62
2009,3,56,1.51,1.62
2009,4,01,1.51,1.62
2009,4,02,1.62,1.75
2009,4,04,2.13,
2009,4,05,1.33,1.41
2009,4,06,2.13,
2009,4,08,2.13,
2009,4,09,1.62,1.75
2009,4,10,1.75,1.89
2009,4,11,.39,1.09
2009,4,12,2.13,
2009,4,13,1.89,2.13
2009,4,15,2.13,
2009,4,16,2.13,
2009,4,17,1.62,1.75
2009,4,18,1.51,1.62
2009,4,19,1.24,1.33
2009,4,20,1.24,1.33
2009,4,21,1.33,1.41
2009,4,22,1.24,1.33
2009,4,23,1.75,1.89
2009,4,24,2.13,
2009,4,25,1.51,1.62
2009,4,26,1.62,1.75
2009,4,27,1.62,1.75
2009,4,28,1.51,1.62
2009,4,29,1.51,1.62
2009,4,30,1.89,2.13
2009,4,31,1.24,1.33
2009,4,32,2.13,
2009,4,33,1.75,1.89
2009,4,34,1.75,1.89
2009,4,35,1.75,1.89
2009,4,36,1.24,1.33
2009,4,37,1.89,2.13
2009,4,38,.39,1.09
2009,4,39,1.41,1.51
2009,4,40,1.33,1.41
2009,4,41,2.13,
2009,4,42,1.33,1.41
2009,4,44,1.75,1.89
2009,4,45,1.89,2.13
2009,4,46,1.51,1.62
2009,4,47,1.51,1.62
2009,4,48,1.09,1.24
2009,4,49,1.89,2.13
2009,4,50,1.51,1.62
2009,4,51,2.13,
2009,4,53,2.13,
2009,4,54,1.24,1.33
2009,4,55,1.33,1.41
2009,4,56,1.51,1.62
2010,1,01,1.75,1.89
2010,1,02,1.89,2.13
2010,1,04,2.13,
2010,1,05,1.51,1.62
2010,1,06,2.13,
2010,1,08,2.13,
2010,1,09,1.62,1.75
2010,1,10,1.75,1.89
2010,1,11,.39,1.09
2010,1,12,2.13,
2010,1,13,2.13,
2010,1,15,2.13,
2010,1,16,2.13,
2010,1,17,1.75,1.89
2010,1,18,1.62,1.75
2010,1,19,1.41,1.51
2010,1,20,1.41,1.51
2010,1,21,1.51,1.62
2010,1,22,1.41,1.51
2010,1,23,1.89,2.13
2010,1,24,2.13,
2010,1,25,1.62,1.75
2010,1,26,1.89,2.13
2010,1,27,1.75,1.89
2010,1,28,1.62,1.75
2010,1,29,1.62,1.75
2010,1,30,2.13,
2010,1,31,1.41,1.51
2010,1,32,2.13,
2010,1,33,2.13,
2010,1,34,1.89,2.13
2010,1,35,1.89,2.13
2010,1,36,1.09,1.24
2010,1,37,1.89,2.13
2010,1,38,1.09,1.24
2010,1,39,1.62,1.75
2010,1,40,1.41,1.51
2010,1,41,2.13,
2010,1,42,1.51,1.62
2010,1,44,2.13,
2010,1,45,2.13,
2010,1,46,1.62,1.75
2010,1,47,1.75,1.89
2010,1,48,1.24,1.33
2010,1,49,2.13,
2010,1,50,1.75,1.89
2010,1,51,2.13,
2010,1,53,2.13,
2010,1,54,1.33,1.41
2010,1,55,1.51,1.62
2010,1,56,1.62,1.75
2010,2,01,1.62,1.75
2010,2,02,1.62,1.75
2010,2,04,2.13,
2010,2,05,1.41,1.51
2010,2,06,2.13,
2010,2,08,2.13,
2010,2,09,1.75,1.89
2010,2,10,1.89,2.13
2010,2,11,.39,1.09
2010,2,12,2.13,
2010,2,13,1.89,2.13
2010,2,15,2.13,
2010,2,16,2.13,
2010,2,17,1.75,1.89
2010,2,18,1.51,1.62
2010,2,19,1.33,1.41
2010,2,20,1.33,1.41
2010,2,21,1.41,1.51
2010,2,22,1.41,1.51
2010,2,23,1.89,2.13
2010,2,24,2.13,
2010,2,25,1.62,1.75
2010,2,26,1.75,1.89
2010,2,27,1.75,1.89
2010,2,28,1.51,1.62
2010,2,29,1.51,1.62
2010,2,30,1.89,2.13
2010,2,31,1.33,1.41
2010,2,32,2.13,
2010,2,33,1.89,2.13
2010,2,34,1.89,2.13
2010,2,35,1.75,1.89
2010,2,36,1.33,1.41
2010,2,37,1.89,2.13
2010,2,38,.39,1.09
2010,2,39,1.51,1.62
2010,2,40,1.41,1.51
2010,2,41,2.13,
2010,2,42,1.51,1.62
2010,2,44,1.89,2.13
2010,2,45,2.13,
2010,2,46,1.51,1.62
2010,2,47,1.62,1.75
2010,2,48,1.33,1.41
2010,2,49,2.13,
2010,2,50,1.62,1.75
2010,2,51,2.13,
2010,2,53,2.13,
2010,2,54,1.24,1.33
2010,2,55,1.41,1.51
2010,2,56,1.51,1.62
2010,3,01,1.62,1.75
2010,3,02,1.51,1.62
2010,3,04,2.13,
2010,3,05,1.41,1.51
2010,3,06,2.13,
2010,3,08,2.13,
2010,3,09,1.75,1.89
2010,3,10,1.75,1.89
2010,3,11,.39,1.09
2010,3,12,2.13,
2010,3,13,1.89,2.13
2010,3,15,2.13,
2010,3,16,2.13,
2010,3,17,1.75,1.89
2010,3,18,1.51,1.62
2010,3,19,1.33,1.41
2010,3,20,1.33,1.41
2010,3,21,1.51,1.62
2010,3,22,1.33,1.41
2010,3,23,1.89,2.13
2010,3,24,2.13,
2010,3,25,1.62,1.75
2010,3,26,1.75,1.89
2010,3,27,1.75,1.89
2010,3,28,1.51,1.62
2010,3,29,1.51,1.62
2010,3,30,1.89,2.13
2010,3,31,1.24,1.33
2010,3,32,2.13,
2010,3,33,1.89,2.13
2010,3,34,2.13,
2010,3,35,1.75,1.89
2010,3,36,1.41,1.51
2010,3,37,1.89,2.13
2010,3,38,.39,1.09
2010,3,39,1.51,1.62
2010,3,40,1.41,1.51
2010,3,41,2.13,
2010,3,42,1.51,1.62
2010,3,44,1.89,2.13
2010,3,45,2.13,
2010,3,46,1.51,1.62
2010,3,47,1.62,1.75
2010,3,48,1.24,1.33
2010,3,49,2.13,
2010,3,50,1.62,1.75
2010,3,51,2.13,
2010,3,53,2.13,
2010,3,54,1.33,1.41
2010,3,55,1.41,1.51
2010,3,56,1.41,1.51
2010,4,01,1.51,1.62
2010,4,02,1.51,1.62
2010,4,04,2.13,
2010,4,05,1.24,1.33
2010,4,06,2.13,
2010,4,08,1.89,2.13
2010,4,09,1.51,1.62
2010,4,10,1.62,1.75
2010,4,11,.39,1.09
2010,4,12,2.13,
2010,4,13,1.75,1.89
2010,4,15,2.13,
2010,4,16,1.89,2.13
2010,4,17,1.51,1.62
2010,4,18,1.41,1.51
2010,4,19,1.09,1.24
2010,4,20,1.09,1.24
2010,4,21,1.33,1.41
2010,4,22,1.09,1.24
2010,4,23,1.75,1.89
2010,4,24,2.13,
2010,4,25,1.41,1.51
2010,4,26,1.51,1.62
2010,4,27,1.51,1.62
2010,4,28,1.41,1.51
2010,4,29,1.33,1.41
2010,4,30,1.75,1.89
2010,4,31,1.09,1.24
2010,4,32,2.13,
2010,4,33,1.75,1.89
2010,4,34,1.75,1.89
2010,4,35,1.62,1.75
2010,4,36,1.09,1.24
2010,4,37,1.75,1.89
2010,4,38,.39,1.09
2010,4,39,1.33,1.41
2010,4,40,1.24,1.33
2010,4,41,1.89,2.13
2010,4,42,1.33,1.41
2010,4,44,1.75,1.89
2010,4,45,1.89,2.13
2010,4,46,1.33,1.41
2010,4,47,1.41,1.51
2010,4,48,1.09,1.24
2010,4,49,1.75,1.89
2010,4,50,1.51,1.62
2010,4,51,1.89,2.13
2010,4,53,2.13,
2010,4,54,1.09,1.24
2010,4,55,1.24,1.33
2010,4,56,1.33,1.41
2011,1,01,1.62,1.75
2011,1,02,1.75,1.89
2011,1,04,2.13,
2011,1,05,1.33,1.41
2011,1,06,2.13,
2011,1,08,2.13,
2011,1,09,1.51,1.62
2011,1,10,1.62,1.75
2011,1,11,.39,1.09
2011,1,12,2.13,
2011,1,13,1.75,1.89
2011,1,15,2.13,
2011,1,16,2.13,
2011,1,17,1.51,1.62
2011,1,18,1.41,1.51
2011,1,19,1.33,1.41
2011,1,20,1.33,1.41
2011,1,21,1.41,1.51
2011,1,22,1.33,1.41
2011,1,23,1.89,2.13
2011,1,24,2.13,
2011,1,25,1.51,1.62
2011,1,26,1.62,1.75
2011,1,27,1.62,1.75
2011,1,28,1.51,1.62
2011,1,29,1.51,1.62
2011,1,30,1.89,2.13
2011,1,31,1.33,1.41
2011,1,32,2.13,
2011,1,33,1.89,2.13
2011,1,34,1.89,2.13
2011,1,35,1.75,1.89
2011,1,36,1.09,1.24
2011,1,37,1.75,1.89
2011,1,38,.39,1.09
2011,1,39,1.41,1.51
2011,1,40,1.33,1.41
2011,1,41,2.13,
2011,1,42,1.41,1.51
2011,1,44,1.89,2.13
2011,1,45,1.89,2.13
2011,1,46,1.62,1.75
2011,1,47,1.62,1.75
2011,1,48,1.09,1.24
2011,1,49,1.89,2.13
2011,1,50,1.62,1.75
2011,1,51,2.13,
2011,1,53,2.13,
2011,1,54,1.33,1.41
2011,1,55,1.41,1.51
2011,1,56,1.41,1.51
2011,2,01,1.62,1.75
2011,2,02,1.62,1.75
2011,2,04,2.13,
2011,2,05,1.33,1.41
2011,2,06,2.13,
2011,2,08,2.13,
2011,2,09,1.62,1.75
2011,2,10,1.75,1.89
2011,2,11,.39,1.09
2011,2,12,2.13,
2011,2,13,1.89,2.13
2011,2,15,2.13,
2011,2,16,2.13,
2011,2,17,1.62,1.75
2011,2,18,1.51,1.62
2011,2,19,1.33,1.41
2011,2,20,1.24,1.33
2011,2,21,1.33,1.41
2011,2,22,1.33,1.41
2011,2,23,1.89,2.13
2011,2,24,2.13,
2011,2,25,1.51,1.62
2011,2,26,1.62,1.75
2011,2,27,1.62,1.75
2011,2,28,1.51,1.62
2011,2,29,1.51,1.62
2011,2,30,1.89,2.13
2011,2,31,1.33,1.41
2011,2,32,2.13,
2011,2,33,1.89,2.13
2011,2,34,1.89,2.13
2011,2,35,1.75,1.89
2011,2,36,1.33,1.41
2011,2,37,1.89,2.13
2011,2,38,.39,1.09
2011,2,39,1.41,1.51
2011,2,40,1.33,1.41
2011,2,41,2.13,
2011,2,42,1.41,1.51
2011,2,44,1.89,2.13
2011,2,45,1.89,2.13
2011,2,46,1.51,1.62
2011,2,47,1.51,1.62
2011,2,48,1.24,1.33
2011,2,49,1.89,2.13
2011,2,50,1.62,1.75
2011,2,51,2.13,
2011,2,53,2.13,
2011,2,54,1.09,1.24
2011,2,55,1.41,1.51
2011,2,56,1.41,1.51
2011,3,01,1.51,1.62
2011,3,02,1.51,1.62
2011,3,04,2.13,
2011,3,05,1.33,1.41
2011,3,06,2.13,
2011,3,08,1.89,2.13
2011,3,09,1.75,1.89
2011,3,10,1.62,1.75
2011,3,11,.39,1.09
2011,3,12,2.13,
2011,3,13,1.75,1.89
2011,3,15,2.13,
2011,3,16,1.89,2.13
2011,3,17,1.62,1.75
2011,3,18,1.41,1.51
2011,3,19,1.24,1.33
2011,3,20,1.24,1.33
2011,3,21,1.33,1.41
2011,3,22,1.24,1.33
2011,3,23,1.75,1.89
2011,3,24,2.13,
2011,3,25,1.51,1.62
2011,3,26,1.51,1.62
2011,3,27,1.62,1.75
2011,3,28,1.51,1.62
2011,3,29,1.41,1.51
2011,3,30,1.75,1.89
2011,3,31,1.24,1.33
2011,3,32,2.13,
2011,3,33,1.89,2.13
2011,3,34,1.89,2.13
2011,3,35,1.75,1.89
2011,3,36,1.33,1.41
2011,3,37,1.89,2.13
2011,3,38,.39,1.09
2011,3,39,1.41,1.51
2011,3,40,1.24,1.33
2011,3,41,1.89,2.13
2011,3,42,1.41,1.51
2011,3,44,1.89,2.13
2011,3,45,1.89,2.13
2011,3,46,1.41,1.51
2011,3,47,1.51,1.62
2011,3,48,1.09,1.24
2011,3,49,1.89,2.13
2011,3,50,1.62,1.75
2011,3,51,2.13,
2011,3,53,1.89,2.13
2011,3,54,1.24,1.33
2011,3,55,1.33,1.41
2011,3,56,1.33,1.41
2011,4,01,1.51,1.62
2011,4,02,1.33,1.41
2011,4,04,1.89,2.13
2011,4,05,1.24,1.33
2011,4,06,2.13,
2011,4,08,1.89,2.13
2011,4,09,1.62,1.75
2011,4,10,1.62,1.75
2011,4,11,.39,1.09
2011,4,12,2.13,
2011,4,13,1.75,1.89
2011,4,15,2.13,
2011,4,16,1.89,2.13
2011,4,17,1.41,1.51
2011,4,18,1.33,1.41
2011,4,19,1.24,1.33
2011,4,20,1.09,1.24
2011,4,21,1.24,1.33
2011,4,22,1.24,1.33
2011,4,23,1.75,1.89
2011,4,24,2.13,
2011,4,25,1.41,1.51
2011,4,26,1.41,1.51
2011,4,27,1.51,1.62
2011,4,28,1.41,1.51
2011,4,29,1.33,1.41
2011,4,30,1.75,1.89
2011,4,31,1.09,1.24
2011,4,32,1.89,2.13
2011,4,33,1.75,1.89
2011,4,34,1.75,1.89
2011,4,35,1.62,1.75
2011,4,36,1.09,1.24
2011,4,37,1.75,1.89
2011,4,38,.39,1.09
2011,4,39,1.33,1.41
2011,4,40,1.09,1.24
2011,4,41,1.89,2.13
2011,4,42,1.33,1.41
2011,4,44,1.75,1.89
2011,4,45,1.89,2.13
2011,4,46,1.41,1.51
2011,4,47,1.41,1.51
2011,4,48,1.09,1.24
2011,4,49,1.75,1.89
2011,4,50,1.51,1.62
2011,4,51,1.89,2.13
2011,4,53,2.13,
2011,4,54,1.09,1.24
2011,4,55,1.33,1.41
2011,4,56,1.24,1.33
2012,1,01,1.51,1.62
2012,1,02,1.62,1.75
2012,1,04,1.89,2.13
2012,1,05,1.24,1.33
2012,1,06,2.13,
2012,1,08,1.89,2.13
2012,1,09,1.41,1.51
2012,1,10,1.51,1.62
2012,1,11,.39,1.09
2012,1,12,2.13,
2012,1,13,1.62,1.75
2012,1,15,2.13,
2012,1,16,2.13,
2012,1,17,1.41,1.51
2012,1,18,1.33,1.41
2012,1,19,1.24,1.33
2012,1,20,1.09,1.24
2012,1,21,1.33,1.41
2012,1,22,1.24,1.33
2012,1,23,1.75,1.89
2012,1,24,2.13,
2012,1,25,1.41,1.51
2012,1,26,1.41,1.51
2012,1,27,1.41,1.51
2012,1,28,1.41,1.51
2012,1,29,1.33,1.41
2012,1,30,1.89,2.13
2012,1,31,1.09,1.24
2012,1,32,1.89,2.13
2012,1,33,1.75,1.89
2012,1,34,1.62,1.75
2012,1,35,1.75,1.89
2012,1,36,.39,1.09
2012,1,37,1.62,1.75
2012,1,38,.39,1.09
2012,1,39,1.33,1.41
2012,1,40,1.09,1.24
2012,1,41,1.89,2.13
2012,1,42,1.33,1.41
2012,1,44,1.75,1.89
2012,1,45,1.89,2.13
2012,1,46,1.41,1.51
2012,1,47,1.41,1.51
2012,1,48,.39,1.09
2012,1,49,1.75,1.89
2012,1,50,1.62,1.75
2012,1,51,1.89,2.13
2012,1,53,1.89,2.13
2012,1,54,1.24,1.33
2012,1,55,1.33,1.41
2012,1,56,1.33,1.41
2012,2,01,1.51,1.62
2012,2,02,1.51,1.62
2012,2,04,1.89,2.13
2012,2,05,1.33,1.41
2012,2,06,2.13,
2012,2,08,1.89,2.13
2012,2,09,1.62,1.75
2012,2,10,1.62,1.75
2012,2,11,.39,1.09
2012,2,12,2.13,
2012,2,13,1.75,1.89
2012,2,15,2.13,
2012,2,16,2.13,
2012,2,17,1.51,1.62
2012,2,18,1.41,1.51
2012,2,19,1.24,1.33
2012,2,20,1.24,1.33
2012,2,21,1.33,1.41
2012,2,22,1.24,1.33
2012,2,23,1.75,1.89
2012,2,24,2.13,
2012,2,25,1.51,1.62
2012,2,26,1.41,1.51
2012,2,27,1.51,1.62
2012,2,28,1.41,1.51
2012,2,29,1.41,1.51
2012,2,30,1.75,1.89
2012,2,31,1.24,1.33
2012,2,32,1.89,2.13
2012,2,33,1.75,1.89
2012,2,34,1.89,2.13
2012,2,35,1.62,1.75
2012,2,36,1.24,1.33
2012,2,37,1.75,1.89
2012,2,38,.39,1.09
2012,2,39,1.33,1.41
2012,2,40,1.24,1.33
2012,2,41,1.89,2.13
2012,2,42,1.41,1.51
2012,2,44,1.75,1.89
2012,2,45,1.89,2.13
2012,2,46,1.41,1.51
2012,2,47,1.51,1.62
2012,2,48,1.09,1.24
2012,2,49,1.89,2.13
2012,2,50,1.51,1.62
2012,2,51,1.89,2.13
2012,2,53,2.13,
2012,2,54,1.09,1.24
2012,2,55,1.33,1.41
2012,2,56,1.33,1.41
2012,3,01,1.51,1.62
2012,3,02,1.51,1.62
2012,3,04,1.89,2.13
2012,3,05,1.33,1.41
2012,3,06,2.13,
2012,3,08,1.89,2.13
2012,3,09,1.62,1.75
2012,3,10,1.75,1.89
2012,3,11,.39,1.09
2012,3,12,2.13,
2012,3,13,1.75,1.89
2012,3,15,2.13,
2012,3,16,1.89,2.13
2012,3,17,1.51,1.62
2012,3,18,1.33,1.41
2012,3,19,1.24,1.33
2012,3,20,1.24,1.33
2012,3,21,1.33,1.41
2012,3,22,1.33,1.41
2012,3,23,1.75,1.89
2012,3,24,2.13,
2012,3,25,1.51,1.62
2012,3,26,1.41,1.51
2012,3,27,1.51,1.62
2012,3,28,1.41,1.51
2012,3,29,1.41,1.51
2012,3,30,1.75,1.89
2012,3,31,1.24,1.33
2012,3,32,1.89,2.13
2012,3,33,1.89,2.13
2012,3,34,1.89,2.13
2012,3,35,1.75,1.89
2012,3,36,1.24,1.33
2012,3,37,1.75,1.89
2012,3,38,.39,1.09
2012,3,39,1.33,1.41
2012,3,40,1.24,1.33
2012,3,41,1.89,2.13
2012,3,42,1.33,1.41
2012,3,44,1.75,1.89
2012,3,45,1.89,2.13
2012,3,46,1.41,1.51
2012,3,47,1.51,1.62
2012,3,48,1.09,1.24
2012,3,49,1.75,1.89
2012,3,50,1.62,1.75
2012,3,51,1.89,2.13
2012,3,53,1.89,2.13
2012,3,54,1.24,1.33
2012,3,55,1.33,1.41
2012,3,56,1.33,1.41
2012,4,01,1.41,1.51
2012,4,02,1.51,1.62
2012,4,04,1.75,1.89
2012,4,05,1.24,1.33
2012,4,06,1.89,2.13
2012,4,08,1.75,1.89
2012,4,09,1.41,1.51
2012,4,10,1.51,1.62
2012,4,11,.39,1.09
2012,4,12,1.89,2.13
2012,4,13,1.51,1.62
2012,4,15,2.13,
2012,4,16,1.89,2.13
2012,4,17,1.33,1.41
2012,4,18,1.24,1.33
2012,4,19,1.09,1.24
2012,4,20,1.09,1.24
2012,4,21,1.24,1.33
2012,4,22,1.09,1.24
2012,4,23,1.62,1.75
2012,4,24,1.89,2.13
2012,4,25,1.33,1.41
2012,4,26,1.24,1.33
2012,4,27,1.41,1.51
2012,4,28,1.33,1.41
2012,4,29,1.24,1.33
2012,4,30,1.62,1.75
2012,4,31,1.09,1.24
2012,4,32,1.75,1.89
2012,4,33,1.62,1.75
2012,4,34,1.62,1.75
2012,4,35,1.62,1.75
2012,4,36,1.09,1.24
2012,4,37,1.62,1.75
2012,4,38,.39,1.09
2012,4,39,1.24,1.33
2012,4,40,1.09,1.24
2012,4,41,1.75,1.89
2012,4,42,1.24,1.33
2012,4,44,1.62,1.75
2012,4,45,1.75,1.89
2012,4,46,1.33,1.41
2012,4,47,1.33,1.41
2012,4,48,.39,1.09
2012,4,49,1.62,1.75
2012,4,50,1.41,1.51
2012,4,51,1.89,2.13
2012,4,53,1.89,2.13
2012,4,54,1.09,1.24
2012,4,55,1.09,1.24
2012,4,56,1.24,1.33
2013,1,01,1.51,1.62
2013,1,02,1.62,1.75
2013,1,04,1.75,1.89
2013,1,05,1.24,1.33
2013,1,06,1.89,2.13
2013,1,08,1.75,1.89
2013,1,09,1.41,1.51
2013,1,10,1.51,1.62
2013,1,11,.39,1.09
2013,1,12,1.89,2.13
2013,1,13,1.51,1.62
2013,1,15,2.13,
2013,1,16,1.89,2.13
2013,1,17,1.33,1.41
2013,1,18,1.24,1.33
2013,1,19,1.09,1.24
2013,1,20,1.09,1.24
2013,1,21,1.24,1.33
2013,1,22,1.24,1.33
2013,1,23,1.75,1.89
2013,1,24,2.13,
2013,1,25,1.24,1.33
2013,1,26,1.33,1.41
2013,1,27,1.33,1.41
2013,1,28,1.41,1.51
2013,1,29,1.33,1.41
2013,1,30,1.75,1.89
2013,1,31,1.09,1.24
2013,1,32,1.89,2.13
2013,1,33,1.62,1.75
2013,1,34,1.62,1.75
2013,1,35,1.62,1.75
2013,1,36,.39,1.09
2013,1,37,1.51,1.62
2013,1,38,.39,1.09
2013,1,39,1.24,1.33
2013,1,40,1.09,1.24
2013,1,41,1.75,1.89
2013,1,42,1.24,1.33
2013,1,44,1.51,1.62
2013,1,45,1.75,1.89
2013,1,46,1.33,1.41
2013,1,47,1.33,1.41
2013,1,48,.39,1.09
2013,1,49,1.75,1.89
2013,1,50,1.51,1.62
2013,1,51,1.89,2.13
2013,1,53,1.89,2.13
2013,1,54,1.24,1.33
2013,1,55,1.24,1.33
2013,1,56,1.33,1.41
2013,2,01,1.41,1.51
2013,2,02,1.51,1.62
2013,2,04,1.75,1.89
2013,2,05,1.24,1.33
2013,2,06,2.13,
2013,2,08,1.89,2.13
2013,2,09,1.51,1.62
2013,2,10,1.62,1.75
2013,2,11,.39,1.09
2013,2,12,1.89,2.13
2013,2,13,1.62,1.75
2013,2,15,2.13,
2013,2,16,1.89,2.13
2013,2,17,1.41,1.51
2013,2,18,1.33,1.41
2013,2,19,1.24,1.33
2013,2,20,1.09,1.24
2013,2,21,1.24,1.33
2013,2,22,1.24,1.33
2013,2,23,1.75,1.89
2013,2,24,2.13,
2013,2,25,1.41,1.51
2013,2,26,1.33,1.41
2013,2,27,1.41,1.51
2013,2,28,1.41,1.51
2013,2,29,1.33,1.41
2013,2,30,1.62,1.75
2013,2,31,1.09,1.24
2013,2,32,1.75,1.89
2013,2,33,1.75,1.89
2013,2,34,1.75,1.89
2013,2,35,1.62,1.75
2013,2,36,1.09,1.24
2013,2,37,1.75,1.89
2013,2,38,.39,1.09
2013,2,39,1.24,1.33
2013,2,40,1.09,1.24
2013,2,41,1.75,1.89
2013,2,42,1.33,1.41
2013,2,44,1.75,1.89
2013,2,45,1.75,1.89
2013,2,46,1.33,1.41
2013,2,47,1.41,1.51
2013,2,48,1.09,1.24
2013,2,49,1.75,1.89
2013,2,50,1.51,1.62
2013,2,51,1.89,2.13
2013,2,53,1.89,2.13
2013,2,54,1.09,1.24
2013,2,55,1.24,1.33
2013,2,56,1.24,1.33
2013,3,01,1.51,1.62
2013,3,02,1.41,1.51
2013,3,04,1.89,2.13
2013,3,05,1.33,1.41
2013,3,06,2.13,
2013,3,08,1.89,2.13
2013,3,09,1.62,1.75
2013,3,10,1.62,1.75
2013,3,11,.39,1.09
2013,3,12,1.89,2.13
2013,3,13,1.62,1.75
2013,3,15,2.13,
2013,3,16,1.89,2.13
2013,3,17,1.41,1.51
2013,3,18,1.33,1.41
2013,3,19,1.24,1.33
2013,3,20,1.24,1.33
2013,3,21,1.33,1.41
2013,3,22,1.24,1.33
2013,3,23,1.75,1.89
2013,3,24,2.13,
2013,3,25,1.41,1.51
2013,3,26,1.33,1.41
2013,3,27,1.41,1.51
2013,3,28,1.41,1.51
2013,3,29,1.33,1.41
2013,3,30,1.75,1.89
2013,3,31,1.09,1.24
2013,3,32,1.75,1.89
2013,3,33,1.75,1.89
2013,3,34,1.75,1.89
2013,3,35,1.62,1.75
2013,3,36,1.24,1.33
2013,3,37,1.75,1.89
2013,3,38,.39,1.09
2013,3,39,1.24,1.33
2013,3,40,1.24,1.33
2013,3,41,1.75,1.89
2013,3,42,1.33,1.41
2013,3,44,1.75,1.89
2013,3,45,1.75,1.89
2013,3,46,1.33,1.41
2013,3,47,1.41,1.51
2013,3,48,1.09,1.24
2013,3,49,1.75,1.89
2013,3,50,1.51,1.62
2013,3,51,1.89,2.13
2013,3,53,1.75,1.89
2013,3,54,1.24,1.33
2013,3,55,1.24,1.33
2013,3,56,1.33,1.41
2013,4,01,1.41,1.51
2013,4,02,1.51,1.62
2013,4,04,1.75,1.89
2013,4,05,1.24,1.33
2013,4,06,1.89,2.13
2013,4,08,1.75,1.89
2013,4,09,1.41,1.51
2013,4,10,1.51,1.62
2013,4,11,.39,1.09
2013,4,12,1.75,1.89
2013,4,13,1.51,1.62
2013,4,15,2.13,
2013,4,16,1.75,1.89
2013,4,17,1.33,1.41
2013,4,18,1.24,1.33
2013,4,19,1.09,1.24
2013,4,20,1.09,1.24
2013,4,21,1.24,1.33
2013,4,22,1.09,1.24
2013,4,23,1.62,1.75
2013,4,24,1.89,2.13
2013,4,25,1.33,1.41
2013,4,26,1.24,1.33
2013,4,27,1.41,1.51
2013,4,28,1.33,1.41
2013,4,29,1.24,1.33
2013,4,30,1.62,1.75
2013,4,31,1.09,1.24
2013,4,32,1.75,1.89
2013,4,33,1.62,1.75
2013,4,34,1.62,1.75
2013,4,35,1.51,1.62
2013,4,36,1.09,1.24
2013,4,37,1.62,1.75
2013,4,38,.39,1.09
2013,4,39,1.24,1.33
2013,4,40,1.09,1.24
2013,4,41,1.75,1.89
2013,4,42,1.24,1.33
2013,4,44,1.62,1.75
2013,4,45,1.75,1.89
2013,4,46,1.24,1.33
2013,4,47,1.33,1.41
2013,4,48,.39,1.09
2013,4,49,1.62,1.75
2013,4,50,1.41,1.51
2013,4,51,1.89,2.13
2013,4,53,1.89,2.13
2013,4,54,1.09,1.24
2013,4,55,1.09,1.24
2013,4,56,1.24,1.33
2014,1,01,1.51,1.62
2014,1,02,1.62,1.75
2014,1,04,1.75,1.89
2014,1,05,1.24,1.33
2014,1,06,1.89,2.13
2014,1,08,1.75,1.89
2014,1,09,1.41,1.51
2014,1,10,1.51,1.62
2014,1,11,.39,1.09
2014,1,12,1.75,1.89
2014,1,13,1.51,1.62
2014,1,15,2.13,
2014,1,16,1.89,2.13
2014,1,17,1.24,1.33
2014,1,18,1.24,1.33
2014,1,19,1.09,1.24
2014,1,20,1.09,1.24
2014,1,21,1.24,1.33
2014,1,22,1.24,1.33
2014,1,23,1.75,1.89
2014,1,24,2.13,
2014,1,25,1.24,1.33
2014,1,26,1.24,1.33
2014,1,27,1.33,1.41
2014,1,28,1.41,1.51
2014,1,29,1.33,1.41
2014,1,30,1.75,1.89
2014,1,31,1.09,1.24
2014,1,32,1.75,1.89
2014,1,33,1.62,1.75
2014,1,34,1.62,1.75
2014,1,35,1.62,1.75
2014,1,36,.39,1.09
2014,1,37,1.62,1.75
2014,1,38,.39,1.09
2014,1,39,1.24,1.33
2014,1,40,1.09,1.24
2014,1,41,1.75,1.89
2014,1,42,1.24,1.33
2014,1,44,1.62,1.75
2014,1,45,1.75,1.89
2014,1,46,1.33,1.41
2014,1,47,1.41,1.51
2014,1,48,.39,1.09
2014,1,49,1.75,1.89
2014,1,50,1.51,1.62
2014,1,51,1.89,2.13
2014,1,53,1.89,2.13
2014,1,54,1.24,1.33
2014,1,55,1.24,1.33
2014,1,56,1.33,1.41
2014,2,01,1.51,1.62
2014,2,02,1.51,1.62
2014,2,04,1.75,1.89
2014,2,05,1.33,1.41
2014,2,06,1.89,2.13
2014,2,08,1.89,2.13
2014,2,09,1.51,1.62
2014,2,10,1.62,1.75
2014,2,11,.39,1.09
2014,2,12,1.75,1.89
2014,2,13,1.62,1.75
2014,2,15,2.13,
2014,2,16,1.89,2.13
2014,2,17,1.41,1.51
2014,2,18,1.33,1.41
2014,2,19,1.09,1.24
2014,2,20,1.09,1.24
2014,2,21,1.24,1.33
2014,2,22,1.24,1.33
2014,2,23,1.75,1.89
2014,2,24,2.13,
2014,2,25,1.41,1.51
2014,2,26,1.33,1.41
2014,2,27,1.41,1.51
2014,2,28,1.41,1.51
2014,2,29,1.33,1.41
2014,2,30,1.75,1.89
2014,2,31,1.09,1.24
2014,2,32,1.75,1.89
2014,2,33,1.62,1.75
2014,2,34,1.75,1.89
2014,2,35,1.62,1.75
2014,2,36,1.09,1.24
2014,2,37,1.75,1.89
2014,2,38,.39,1.09
2014,2,39,1.24,1.33
2014,2,40,1.09,1.24
2014,2,41,1.75,1.89
2014,2,42,1.33,1.41
2014,2,44,1.62,1.75
2014,2,45,1.75,1.89
2014,2,46,1.24,1.33
2014,2,47,1.41,1.51
2014,2,48,1.09,1.24
2014,2,49,1.75,1.89
2014,2,50,1.51,1.62
2014,2,51,1.89,2.13
2014,2,53,1.89,2.13
2014,2,54,1.09,1.24
2014,2,55,1.24,1.33
2014,2,56,1.33,1.41
2014,3,01,1.51,1.62
2014,3,02,1.51,1.62
2014,3,04,1.89,2.13
2014,3,05,1.33,1.41
2014,3,06,1.89,2.13
2014,3,08,1.75,1.89
2014,3,09,1.62,1.75
2014,3,10,1.62,1.75
2014,3,11,.39,1.09
2014,3,12,1.89,2.13
2014,3,13,1.62,1.75
2014,3,15,2.13,
2014,3,16,1.89,2.13
2014,3,17,1.41,1.51
2014,3,18,1.33,1.41
2014,3,19,1.09,1.24
2014,3,20,1.09,1.24
2014,3,21,1.33,1.41
2014,3,22,1.24,1.33
2014,3,23,1.75,1.89
2014,3,24,2.13,
2014,3,25,1.41,1.51
2014,3,26,1.33,1.41
2014,3,27,1.41,1.51
2014,3,28,1.41,1.51
2014,3,29,1.33,1.41
2014,3,30,1.75,1.89
2014,3,31,1.09,1.24
2014,3,32,1.75,1.89
2014,3,33,1.75,1.89
2014,3,34,1.75,1.89
2014,3,35,1.62,1.75
2014,3,36,1.09,1.24
2014,3,37,1.62,1.75
2014,3,38,.39,1.09
2014,3,39,1.24,1.33
2014,3,40,1.09,1.24
2014,3,41,1.75,1.89
2014,3,42,1.33,1.41
2014,3,44,1.62,1.75
2014,3,45,1.75,1.89
2014,3,46,1.24,1.33
2014,3,47,1.41,1.51
2014,3,48,1.09,1.24
2014,3,49,1.75,1.89
2014,3,50,1.51,1.62
2014,3,51,1.89,2.13
2014,3,53,1.75,1.89
2014,3,54,1.24,1.33
2014,3,55,1.24,1.33
2014,3,56,1.33,1.41
2014,4,01,1.33,1.41
2014,4,02,1.51,1.62
2014,4,04,1.75,1.89
2014,4,05,1.24,1.33
2014,4,06,1.75,1.89
2014,4,08,1.62,1.75
2014,4,09,1.41,1.51
2014,4,10,1.51,1.62
2014,4,11,.39,1.09
2014,4,12,1.62,1.75
2014,4,13,1.41,1.51
2014,4,15,2.13,
2014,4,16,1.75,1.89
2014,4,17,1.24,1.33
2014,4,18,1.24,1.33
2014,4,19,1.09,1.24
2014,4,20,1.09,1.24
2014,4,21,1.09,1.24
2014,4,22,1.09,1.24
2014,4,23,1.62,1.75
2014,4,24,1.89,2.13
2014,4,25,1.24,1.33
2014,4,26,1.09,1.24
2014,4,27,1.33,1.41
2014,4,28,1.33,1.41
2014,4,29,1.24,1.33
2014,4,30,1.62,1.75
2014,4,31,1.09,1.24
2014,4,32,1.62,1.75
2014,4,33,1.51,1.62
2014,4,34,1.62,1.75
2014,4,35,1.51,1.62
2014,4,36,.39,1.09
2014,4,37,1.62,1.75
2014,4,38,.39,1.09
2014,4,39,1.09,1.24
2014,4,40,1.09,1.24
2014,4,41,1.62,1.75
2014,4,42,1.24,1.33
2014,4,44,1.41,1.51
2014,4,45,1.62,1.75
2014,4,46,1.09,1.24
2014,4,47,1.24,1.33
2014,4,48,.39,1.09
2014,4,49,1.62,1.75
2014,4,50,1.33,1.41
2014,4,51,1.89,2.13
2014,4,53,1.75,1.89
2014,4,54,1.09,1.24
2014,4,55,1.09,1.24
2014,4,56,1.24,1.33
2015,1,01,1.41,1.51
2015,1,02,1.62,1.75
2015,1,04,1.75,1.89
2015,1,05,1.24,1.33
2015,1,06,1.75,1.89
2015,1,08,1.62,1.75
2015,1,09,1.33,1.41
2015,1,10,1.51,1.62
2015,1,11,.39,1.09
2015,1,12,1.75,1.89
2015,1,13,1.41,1.51
2015,1,15,2.13,
2015,1,16,1.89,2.13
2015,1,17,1.24,1.33
2015,1,18,1.24,1.33
2015,1,19,1.09,1.24
2015,1,20,1.09,1.24
2015,1,21,1.24,1.33
2015,1,22,1.24,1.33
2015,1,23,1.75,1.89
2015,1,24,1.89,2.13
2015,1,25,1.24,1.33
2015,1,26,1.24,1.33
2015,1,27,1.24,1.33
2015,1,28,1.41,1.51
2015,1,29,1.24,1.33
2015,1,30,1.75,1.89
2015,1,31,1.09,1.24
2015,1,32,1.62,1.75
2015,1,33,1.62,1.75
2015,1,34,1.51,1.62
2015,1,35,1.62,1.75
2015,1,36,.39,1.09
2015,1,37,1.51,1.62
2015,1,38,.39,1.09
2015,1,39,1.09,1.24
2015,1,40,1.09,1.24
2015,1,41,1.75,1.89
2015,1,42,1.24,1.33
2015,1,44,1.51,1.62
2015,1,45,1.75,1.89
2015,1,46,1.24,1.33
2015,1,47,1.33,1.41
2015,1,48,.39,1.09
2015,1,49,1.62,1.75
2015,1,50,1.51,1.62
2015,1,51,1.89,2.13
2015,1,53,1.75,1.89
2015,1,54,1.24,1.33
2015,1,55,1.09,1.24
2015,1,56,1.33,1.41
2015,2,01,1.41,1.51
2015,2,02,1.51,1.62
2015,2,04,1.75,1.89
2015,2,05,1.24,1.33
2015,2,06,1.89,2.13
2015,2,08,1.75,1.89
2015,2,09,1.51,1.62
2015,2,10,1.62,1.75
2015,2,11,.39,1.09
2015,2,12,1.75,1.89
2015,2,13,1.51,1.62
2015,2,15,2.13,
2015,2,16,1.89,2.13
2015,2,17,1.33,1.41
2015,2,18,1.24,1.33
2015,2,19,1.09,1.24
2015,2,20,1.09,1.24
2015,2,21,1.09,1.24
2015,2,22,1.24,1.33
2015,2,23,1.75,1.89
2015,2,24,2.13,
2015,2,25,1.33,1.41
2015,2,26,1.24,1.33
2015,2,27,1.41,1.51
2015,2,28,1.41,1.51
2015,2,29,1.24,1.33
2015,2,30,1.62,1.75
2015,2,31,1.09,1.24
2015,2,32,1.62,1.75
2015,2,33,1.62,1.75
2015,2,34,1.62,1.75
2015,2,35,1.62,1.75
2015,2,36,1.09,1.24
2015,2,37,1.62,1.75
2015,2,38,.39,1.09
2015,2,39,1.24,1.33
2015,2,40,1.24,1.33
2015,2,41,1.75,1.89
2015,2,42,1.24,1.33
2015,2,44,1.62,1.75
2015,2,45,1.75,1.89
2015,2,46,1.24,1.33
2015,2,47,1.33,1.41
2015,2,48,1.09,1.24
2015,2,49,1.62,1.75
2015,2,50,1.41,1.51
2015,2,51,1.89,2.13
2015,2,53,1.75,1.89
2015,2,54,1.24,1.33
2015,2,55,1.24,1.33
2015,2,56,1.41,1.51
2015,3,01,1.41,1.51
2015,3,02,1.51,1.62
2015,3,04,1.89,2.13
2015,3,05,1.33,1.41
2015,3,06,1.89,2.13
2015,3,08,1.75,1.89
2015,3,09,1.62,1.75
2015,3,10,1.62,1.75
2015,3,11,.39,1.09
2015,3,12,1.75,1.89
2015,3,13,1.51,1.62
2015,3,15,2.13,
2015,3,16,1.89,2.13
2015,3,17,1.33,1.41
2015,3,18,1.24,1.33
2015,3,19,1.09,1.24
2015,3,20,1.09,1.24
2015,3,21,1.24,1.33
2015,3,22,1.24,1.33
2015,3,23,1.62,1.75
2015,3,24,2.13,
2015,3,25,1.33,1.41
2015,3,26,1.24,1.33
2015,3,27,1.41,1.51
2015,3,28,1.41,1.51
2015,3,29,1.33,1.41
2015,3,30,1.75,1.89
2015,3,31,1.09,1.24
2015,3,32,1.75,1.89
2015,3,33,1.62,1.75
2015,3,34,1.75,1.89
2015,3,35,1.62,1.75
2015,3,36,1.09,1.24
2015,3,37,1.62,1.75
2015,3,38,.39,1.09
2015,3,39,1.24,1.33
2015,3,40,1.24,1.33
2015,3,41,1.62,1.75
2015,3,42,1.33,1.41
2015,3,44,1.62,1.75
2015,3,45,1.75,1.89
2015,3,46,1.24,1.33
2015,3,47,1.41,1.51
2015,3,48,1.09,1.24
2015,3,49,1.62,1.75
2015,3,50,1.51,1.62
2015,3,51,1.89,2.13
2015,3,53,1.62,1.75
2015,3,54,1.33,1.41
2015,3,55,1.24,1.33
2015,3,56,1.41,1.51
2015,4,01,1.33,1.41
2015,4,02,1.62,1.75
2015,4,04,1.62,1.75
2015,4,05,1.09,1.24
2015,4,06,1.62,1.75
2015,4,08,1.62,1.75
2015,4,09,1.33,1.41
2015,4,10,1.41,1.51
2015,4,11,.39,1.09
2015,4,12,1.51,1.62
2015,4,13,1.41,1.51
2015,4,15,1.89,2.13
2015,4,16,1.75,1.89
2015,4,17,1.09,1.24
2015,4,18,1.09,1.24
2015,4,19,1.09,1.24
2015,4,20,1.09,1.24
2015,4,21,1.09,1.24
2015,4,22,1.09,1.24
2015,4,23,1.51,1.62
2015,4,24,1.89,2.13
2015,4,25,1.09,1.24
2015,4,26,1.09,1.24
2015,4,27,1.24,1.33
2015,4,28,1.33,1.41
2015,4,29,1.09,1.24
2015,4,30,1.62,1.75
2015,4,31,1.09,1.24
2015,4,32,1.51,1.62
2015,4,33,1.41,1.51
2015,4,34,1.41,1.51
2015,4,35,1.51,1.62
2015,4,36,.39,1.09
2015,4,37,1.51,1.62
2015,4,38,.39,1.09
2015,4,39,1.09,1.24
2015,4,40,1.09,1.24
2015,4,41,1.62,1.75
2015,4,42,1.09,1.24
2015,4,44,1.41,1.51
2015,4,45,1.51,1.62
2015,4,46,1.09,1.24
2015,4,47,1.24,1.33
2015,4,48,.39,1.09
2015,4,49,1.51,1.62
2015,4,50,1.33,1.41
2015,4,51,1.75,1.89
2015,4,53,1.62,1.75
2015,4,54,1.24,1.33
2015,4,55,1.09,1.24
2015,4,56,1.33,1.41
2016,1,01,1.41,1.51
2016,1,02,1.75,1.89
2016,1,04,1.75,1.89
2016,1,05,1.24,1.33
2016,1,06,1.89,2.13
2016,1,08,1.75,1.89
2016,1,09,1.33,1.41
2016,1,10,1.51,1.62
2016,1,11,.39,1.09
2016,1,12,1.62,1.75
2016,1,13,1.41,1.51
2016,1,15,2.13,
2016,1,16,1.89,2.13
2016,1,17,1.24,1.33
2016,1,18,1.24,1.33
2016,1,19,1.09,1.24
2016,1,20,1.09,1.24
2016,1,21,1.24,1.33
2016,1,22,1.33,1.41
2016,1,23,1.75,1.89
2016,1,24,1.89,2.13
2016,1,25,1.24,1.33
2016,1,26,1.24,1.33
2016,1,27,1.33,1.41
2016,1,28,1.41,1.51
2016,1,29,1.24,1.33
2016,1,30,1.75,1.89
2016,1,31,1.09,1.24
2016,1,32,1.75,1.89
2016,1,33,1.62,1.75
2016,1,34,1.51,1.62
2016,1,35,1.62,1.75
2016,1,36,.39,1.09
2016,1,37,1.51,1.62
2016,1,38,.39,1.09
2016,1,39,1.24,1.33
2016,1,40,1.24,1.33
2016,1,41,1.75,1.89
2016,1,42,1.24,1.33
2016,1,44,1.62,1.75
2016,1,45,1.75,1.89
2016,1,46,1.24,1.33
2016,1,47,1.41,1.51
2016,1,48,1.09,1.24
2016,1,49,1.62,1.75
2016,1,50,1.51,1.62
2016,1,51,1.89,2.13
2016,1,53,1.75,1.89
2016,1,54,1.33,1.41
2016,1,55,1.24,1.33
2016,1,56,1.62,1.75
2016,2,01,1.41,1.51
2016,2,02,1.62,1.75
2016,2,04,1.75,1.89
2016,2,05,1.24,1.33
2016,2,06,1.89,2.13
2016,2,08,1.75,1.89
2016,2,09,1.51,1.62
2016,2,10,1.62,1.75
2016,2,11,.39,1.09
2016,2,12,1.62,1.75
2016,2,13,1.51,1.62
2016,2,15,2.13,
2016,2,16,1.89,2.13
2016,2,17,1.33,1.41
2016,2,18,1.24,1.33
2016,2,19,1.09,1.24
2016,2,20,1.09,1.24
2016,2,21,1.24,1.33
2016,2,22,1.33,1.41
2016,2,23,1.62,1.75
2016,2,24,1.89,2.13
2016,2,25,1.33,1.41
2016,2,26,1.24,1.33
2016,2,27,1.41,1.51
2016,2,28,1.41,1.51
2016,2,29,1.24,1.33
2016,2,30,1.75,1.89
2016,2,31,1.09,1.24
2016,2,32,1.62,1.75
2016,2,33,1.62,1.75
2016,2,34,1.62,1.75
2016,2,35,1.62,1.75
2016,2,36,1.09,1.24
2016,2,37,1.62,1.75
2016,2,38,.39,1.09
2016,2,39,1.24,1.33
2016,2,40,1.24,1.33
2016,2,41,1.62,1.75
2016,2,42,1.24,1.33
2016,2,44,1.62,1.75
2016,2,45,1.62,1.75
2016,2,46,1.24,1.33
2016,2,47,1.33,1.41
2016,2,48,1.09,1.24
2016,2,49,1.62,1.75
2016,2,50,1.51,1.62
2016,2,51,1.89,2.13
2016,2,53,1.75,1.89
2016,2,54,1.24,1.33
2016,2,55,1.24,1.33
2016,2,56,1.51,1.62
2016,3,01,1.41,1.51
2016,3,02,1.51,1.62
2016,3,04,1.75,1.89
2016,3,05,1.33,1.41
2016,3,06,1.75,1.89
2016,3,08,1.75,1.89
2016,3,09,1.51,1.62
2016,3,10,1.51,1.62
2016,3,11,.39,1.09
2016,3,12,1.62,1.75
2016,3,13,1.41,1.51
2016,3,15,2.13,
2016,3,16,1.75,1.89
2016,3,17,1.24,1.33
2016,3,18,1.24,1.33
2016,3,19,1.09,1.24
2016,3,20,1.09,1.24
2016,3,21,1.09,1.24
2016,3,22,1.33,1.41
2016,3,23,1.62,1.75
2016,3,24,1.89,2.13
2016,3,25,1.24,1.33
2016,3,26,1.24,1.33
2016,3,27,1.33,1.41
2016,3,28,1.33,1.41
2016,3,29,1.24,1.33
2016,3,30,1.75,1.89
2016,3,31,1.09,1.24
2016,3,32,1.51,1.62
2016,3,33,1.62,1.75
2016,3,34,1.62,1.75
2016,3,35,1.62,1.75
2016,3,36,1.09,1.24
2016,3,37,1.51,1.62
2016,3,38,.39,1.09
2016,3,39,1.09,1.24
2016,3,40,1.24,1.33
2016,3,41,1.62,1.75
2016,3,42,1.24,1.33
2016,3,44,1.51,1.62
2016,3,45,1.62,1.75
2016,3,46,1.09,1.24
2016,3,47,1.33,1.41
2016,3,48,1.09,1.24
2016,3,49,1.62,1.75
2016,3,50,1.41,1.51
2016,3,51,1.89,2.13
2016,3,53,1.62,1.75
2016,3,54,1.24,1.33
2016,3,55,1.09,1.24
2016,3,56,1.51,1.62
2016,4,01,1.33,1.41
2016,4,02,1.75,1.89
2016,4,04,1.75,1.89
2016,4,05,1.24,1.33
2016,4,06,1.75,1.89
2016,4,08,1.75,1.89
2016,4,09,1.41,1.51
2016,4,10,1.51,1.62
2016,4,11,.39,1.09
2016,4,12,1.62,1.75
2016,4,13,1.41,1.51
2016,4,15,2.13,
2016,4,16,1.75,1.89
2016,4,17,1.09,1.24
2016,4,18,1.24,1.33
2016,4,19,1.09,1.24
2016,4,20,1.09,1.24
2016,4,21,1.09,1.24
2016,4,22,1.24,1.33
2016,4,23,1.51,1.62
2016,4,24,1.89,2.13
2016,4,25,1.24,1.33
2016,4,26,1.09,1.24
2016,4,27,1.33,1.41
2016,4,28,1.33,1.41
2016,4,29,1.24,1.33
2016,4,30,1.75,1.89
2016,4,31,1.09,1.24
2016,4,32,1.62,1.75
2016,4,33,1.51,1.62
2016,4,34,1.51,1.62
2016,4,35,1.62,1.75
2016,4,36,.39,1.09
2016,4,37,1.51,1.62
2016,4,38,.39,1.09
2016,4,39,1.09,1.24
2016,4,40,1.24,1.33
2016,4,41,1.62,1.75
2016,4,42,1.24,1.33
2016,4,44,1.51,1.62
2016,4,45,1.62,1.75
2016,4,46,1.09,1.24
2016,4,47,1.24,1.33
2016,4,48,1.09,1.24
2016,4,49,1.62,1.75
2016,4,50,1.41,1.51
2016,4,51,1.75,1.89
2016,4,53,1.62,1.75
2016,4,54,1.24,1.33
2016,4,55,1.09,1.24
2016,4,56,1.51,1.62
2017,1,01,1.41,1.51
2017,1,02,1.75,1.89
2017,1,04,1.62,1.75
2017,1,05,1.24,1.33
2017,1,06,1.75,1.89
2017,1,08,1.62,1.75
2017,1,09,1.33,1.41
2017,1,10,1.41,1.51
2017,1,11,.39,1.09
2017,1,12,1.62,1.75
2017,1,13,1.33,1.41
2017,1,15,2.13,
2017,1,16,1.89,2.13
2017,1,17,1.09,1.24
2017,1,18,1.09,1.24
2017,1,19,1.09,1.24
2017,1,20,1.09,1.24
2017,1,21,1.09,1.24
2017,1,22,1.33,1.41
2017,1,23,1.62,1.75
2017,1,24,1.89,2.13
2017,1,25,1.09,1.24
2017,1,26,1.09,1.24
2017,1,27,1.24,1.33
2017,1,28,1.41,1.51
2017,1,29,1.24,1.33
2017,1,30,1.75,1.89
2017,1,31,1.09,1.24
2017,1,32,1.62,1.75
2017,1,33,1.62,1.75
2017,1,34,1.41,1.51
2017,1,35,1.62,1.75
2017,1,36,.39,1.09
2017,1,37,1.41,1.51
2017,1,38,.39,1.09
2017,1,39,1.09,1.24
2017,1,40,1.24,1.33
2017,1,41,1.62,1.75
2017,1,42,1.09,1.24
2017,1,44,1.51,1.62
2017,1,45,1.62,1.75
2017,1,46,1.24,1.33
2017,1,47,1.33,1.41
2017,1,48,1.09,1.24
2017,1,49,1.62,1.75
2017,1,50,1.41,1.51
2017,1,51,1.75,1.89
2017,1,53,1.62,1.75
2017,1,54,1.24,1.33
2017,1,55,1.09,1.24
2017,1,56,1.62,1.75
2017,2,01,1.41,1.51
2017,2,02,1.62,1.75
2017,2,04,1.75,1.89
2017,2,05,1.24,1.33
2017,2,06,1.75,1.89
2017,2,08,1.89,2.13
2017,2,09,1.51,1.62
2017,2,10,1.62,1.75
2017,2,11,.39,1.09
2017,2,12,1.75,1.89
2017,2,13,1.51,1.62
2017,2,15,2.13,
2017,2,16,1.89,2.13
2017,2,17,1.24,1.33
2017,2,18,1.24,1.33
2017,2,19,1.24,1.33
2017,2,20,1.09,1.24
2017,2,21,1.09,1.24
2017,2,22,1.33,1.41
2017,2,23,1.62,1.75
2017,2,24,1.89,2.13
2017,2,25,1.33,1.41
2017,2,26,1.24,1.33
2017,2,27,1.33,1.41
2017,2,28,1.41,1.51
2017,2,29,1.24,1.33
2017,2,30,1.75,1.89
2017,2,31,1.09,1.24
2017,2,32,1.75,1.89
2017,2,33,1.62,1.75
2017,2,34,1.62,1.75
2017,2,35,1.62,1.75
2017,2,36,1.09,1.24
2017,2,37,1.62,1.75
2017,2,38,.39,1.09
2017,2,39,1.09,1.24
2017,2,40,1.24,1.33
2017,2,41,1.62,1.75
2017,2,42,1.24,1.33
2017,2,44,1.62,1.75
2017,2,45,1.62,1.75
2017,2,46,1.24,1.33
2017,2,47,1.33,1.41
2017,2,48,1.09,1.24
2017,2,49,1.62,1.75
2017,2,50,1.41,1.51
2017,2,51,1.89,2.13
2017,2,53,1.75,1.89
2017,2,54,1.24,1.33
2017,2,55,1.24,1.33
2017,2,56,1.51,1.62
2017,3,01,1.41,1.51
2017,3,02,1.62,1.75
2017,3,04,1.89,2.13
2017,3,05,1.33,1.41
2017,3,06,1.89,2.13
2017,3,08,1.75,1.89
2017,3,09,1.51,1.62
2017,3,10,1.62,1.75
2017,3,11,.39,1.09
2017,3,12,1.75,1.89
2017,3,13,1.51,1.62
2017,3,15,2.13,
2017,3,16,1.89,2.13
2017,3,17,1.24,1.33
2017,3,18,1.24,1.33
2017,3,19,1.24,1.33
2017,3,20,1.24,1.33
2017,3,21,1.24,1.33
2017,3,22,1.41,1.51
2017,3,23,1.62,1.75
2017,3,24,1.89,2.13
2017,3,25,1.33,1.41
2017,3,26,1.24,1.33
2017,3,27,1.33,1.41
2017,3,28,1.41,1.51
2017,3,29,1.33,1.41
2017,3,30,1.75,1.89
2017,3,31,1.09,1.24
2017,3,32,1.62,1.75
2017,3,33,1.62,1.75
2017,3,34,1.62,1.75
2017,3,35,1.62,1.75
2017,3,36,1.09,1.24
2017,3,37,1.62,1.75
2017,3,38,.39,1.09
2017,3,39,1.09,1.24
2017,3,40,1.33,1.41
2017,3,41,1.62,1.75
2017,3,42,1.24,1.33
2017,3,44,1.62,1.75
2017,3,45,1.75,1.89
2017,3,46,1.24,1.33
2017,3,47,1.41,1.51
2017,3,48,1.09,1.24
2017,3,49,1.62,1.75
2017,3,50,1.51,1.62
2017,3,51,1.89,2.13
2017,3,53,1.62,1.75
2017,3,54,1.33,1.41
2017,3,55,1.24,1.33
2017,3,56,1.51,1.62
2017,4,01,1.33,1.41
2017,4,02,1.62,1.75
2017,4,04,1.75,1.89
2017,4,05,1.24,1.33
2017,4,06,1.62,1.75
2017,4,08,1.75,1.89
2017,4,09,1.41,1.51
2017,4,10,1.51,1.62
2017,4,11,.39,1.09
2017,4,12,1.62,1.75
2017,4,13,1.41,1.51
2017,4,15,2.13,
2017,4,16,1.75,1.89
2017,4,17,1.09,1.24
2017,4,18,1.09,1.24
2017,4,19,1.09,1.24
2017,4,20,1.09,1.24
2017,4,21,1.09,1.24
2017,4,22,1.33,1.41
2017,4,23,1.51,1.62
2017,4,24,1.89,2.13
2017,4,25,1.09,1.24
2017,4,26,1.09,1.24
2017,4,27,1.24,1.33
2017,4,28,1.33,1.41
2017,4,29,1.24,1.33
2017,4,30,1.75,1.89
2017,4,31,1.09,1.24
2017,4,32,1.62,1.75
2017,4,33,1.51,1.62
2017,4,34,1.51,1.62
2017,4,35,1.51,1.62
2017,4,36,.39,1.09
2017,4,37,1.51,1.62
2017,4,38,.39,1.09
2017,4,39,1.09,1.24
2017,4,40,1.24,1.33
2017,4,41,1.62,1.75
2017,4,42,1.24,1.33
2017,4,44,1.51,1.62
2017,4,45,1.62,1.75
2017,4,46,1.09,1.24
2017,4,47,1.24,1.33
2017,4,48,1.09,1.24
2017,4,49,1.62,1.75
2017,4,50,1.41,1.51
2017,4,51,1.75,1.89
2017,4,53,1.62,1.75
2017,4,54,1.24,1.33
2017,4,55,1.09,1.24
2017,4,56,1.51,1.62
2018,1,01,1.33,1.41
2018,1,02,1.62,1.75
2018,1,04,1.62,1.75
2018,1,05,1.24,1.33
2018,1,06,1.62,1.75
2018,1,08,1.75,1.89
2018,1,09,1.24,1.33
2018,1,10,1.41,1.51
2018,1,11,.39,1.09
2018,1,12,1.51,1.62
2018,1,13,1.33,1.41
2018,1,15,2.13,
2018,1,16,1.89,2.13
2018,1,17,1.09,1.24
2018,1,18,1.09,1.24
2018,1,19,1.09,1.24
2018,1,20,1.09,1.24
2018,1,21,1.09,1.24
2018,1,22,1.33,1.41
2018,1,23,1.62,1.75
2018,1,24,1.89,2.13
2018,1,25,1.09,1.24
2018,1,26,1.09,1.24
2018,1,27,1.24,1.33
2018,1,28,1.41,1.51
2018,1,29,1.24,1.33
2018,1,30,1.75,1.89
2018,1,31,1.09,1.24
2018,1,32,1.62,1.75
2018,1,33,1.51,1.62
2018,1,34,1.41,1.51
2018,1,35,1.51,1.62
2018,1,36,.39,1.09
2018,1,37,1.41,1.51
2018,1,38,.39,1.09
2018,1,39,1.09,1.24
2018,1,40,1.09,1.24
2018,1,41,1.62,1.75
2018,1,42,1.09,1.24
2018,1,44,1.51,1.62
2018,1,45,1.62,1.75
2018,1,46,1.24,1.33
2018,1,47,1.33,1.41
2018,1,48,1.09,1.24
2018,1,49,1.62,1.75
2018,1,50,1.41,1.51
2018,1,51,1.75,1.89
2018,1,53,1.51,1.62
2018,1,54,1.24,1.33
2018,1,55,1.09,1.24
2018,1,56,1.51,1.62
2018,2,01,1.41,1.51
2018,2,02,1.62,1.75
2018,2,04,1.75,1.89
2018,2,05,1.24,1.33
2018,2,06,1.75,1.89
2018,2,08,1.89,2.13
2018,2,09,1.41,1.51
2018,2,10,1.62,1.75
2018,2,11,.39,1.09
2018,2,12,1.62,1.75
2018,2,13,1.51,1.62
2018,2,15,2.13,
2018,2,16,1.89,2.13
2018,2,17,1.24,1.33
2018,2,18,1.24,1.33
2018,2,19,1.09,1.24
2018,2,20,1.09,1.24
2018,2,21,1.09,1.24
2018,2,22,1.33,1.41
2018,2,23,1.62,1.75
2018,2,24,1.89,2.13
2018,2,25,1.24,1.33
2018,2,26,1.24,1.33
2018,2,27,1.33,1.41
2018,2,28,1.41,1.51
2018,2,29,1.24,1.33
2018,2,30,1.75,1.89
2018,2,31,1.09,1.24
2018,2,32,1.75,1.89
2018,2,33,1.62,1.75
2018,2,34,1.51,1.62
2018,2,35,1.62,1.75
2018,2,36,.39,1.09
2018,2,37,1.62,1.75
2018,2,38,.39,1.09
2018,2,39,1.09,1.24
2018,2,40,1.24,1.33
2018,2,41,1.62,1.75
2018,2,42,1.24,1.33
2018,2,44,1.51,1.62
2018,2,45,1.75,1.89
2018,2,46,1.24,1.33
2018,2,47,1.33,1.41
2018,2,48,1.09,1.24
2018,2,49,1.62,1.75
2018,2,50,1.41,1.51
2018,2,51,1.89,2.13
2018,2,53,1.62,1.75
2018,2,54,1.24,1.33
2018,2,55,1.24,1.33
2018,2,56,1.51,1.62
2018,3,01,1.41,1.51
2018,3,02,1.51,1.62
2018,3,04,1.75,1.89
2018,3,05,1.33,1.41
2018,3,06,1.75,1.89
2018,3,08,1.75,1.89
2018,3,09,1.51,1.62
2018,3,10,1.62,1.75
2018,3,11,.39,1.09
2018,3,12,1.75,1.89
2018,3,13,1.51,1.62
2018,3,15,2.13,
2018,3,16,1.89,2.13
2018,3,17,1.24,1.33
2018,3,18,1.24,1.33
2018,3,19,1.09,1.24
2018,3,20,1.09,1.24
2018,3,21,1.24,1.33
2018,3,22,1.41,1.51
2018,3,23,1.62,1.75
2018,3,24,1.89,2.13
2018,3,25,1.33,1.41
2018,3,26,1.24,1.33
2018,3,27,1.33,1.41
2018,3,28,1.41,1.51
2018,3,29,1.33,1.41
2018,3,30,1.75,1.89
2018,3,31,1.24,1.33
2018,3,32,1.75,1.89
2018,3,33,1.62,1.75
2018,3,34,1.62,1.75
2018,3,35,1.62,1.75
2018,3,36,1.09,1.24
2018,3,37,1.62,1.75
2018,3,38,.39,1.09
2018,3,39,1.09,1.24
2018,3,40,1.24,1.33
2018,3,41,1.62,1.75
2018,3,42,1.24,1.33
2018,3,44,1.62,1.75
2018,3,45,1.75,1.89
2018,3,46,1.24,1.33
2018,3,47,1.33,1.41
2018,3,48,1.09,1.24
2018,3,49,1.75,1.89
2018,3,50,1.51,1.62
2018,3,51,1.89,2.13
2018,3,53,1.51,1.62
2018,3,54,1.24,1.33
2018,3,55,1.24,1.33
2018,3,56,1.51,1.62
2018,4,01,1.33,1.41
2018,4,02,1.62,1.75
2018,4,04,1.75,1.89
2018,4,05,1.24,1.33
2018,4,06,1.62,1.75
2018,4,08,1.75,1.89
2018,4,09,1.33,1.41
2018,4,10,1.51,1.62
2018,4,11,.39,1.09
2018,4,12,1.62,1.75
2018,4,13,1.41,1.51
2018,4,15,1.89,2.13
2018,4,16,1.75,1.89
2018,4,17,1.09,1.24
2018,4,18,1.09,1.24
2018,4,19,1.09,1.24
2018,4,20,1.09,1.24
2018,4,21,1.09,1.24
2018,4,22,1.24,1.33
2018,4,23,1.51,1.62
2018,4,24,1.89,2.13
2018,4,25,1.09,1.24
2018,4,26,1.09,1.24
2018,4,27,1.24,1.33
2018,4,28,1.33,1.41
2018,4,29,1.09,1.24
2018,4,30,1.62,1.75
2018,4,31,1.09,1.24
2018,4,32,1.62,1.75
2018,4,33,1.51,1.62
2018,4,34,1.41,1.51
2018,4,35,1.51,1.62
2018,4,36,.39,1.09
2018,4,37,1.51,1.62
2018,4,38,.39,1.09
2018,4,39,1.09,1.24
2018,4,40,1.09,1.24
2018,4,41,1.62,1.75
2018,4,42,1.09,1.24
2018,4,44,1.41,1.51
2018,4,45,1.62,1.75
2018,4,46,1.09,1.24
2018,4,47,1.24,1.33
2018,4,48,1.09,1.24
2018,4,49,1.62,1.75
2018,4,50,1.33,1.41
2018,4,51,1.75,1.89
2018,4,53,1.51,1.62
2018,4,54,1.09,1.24
2018,4,55,1.09,1.24
2018,4,56,1.41,1.51
