yearQtr,householdDebt,effFundsRate,autoDealerSales,autoLoan,caseShillerIndex,cpi,fed1YearYield,fed10YearYield,fed30YearYield,fed1MonthYield,fed3MonthYield,ppi,gdp,consumerRent,unemploymentRate,householdDebtToGdp,studentLoan,medianHomePrice
1913-1,,,,,,,,,,,,12,,,,,,
1913-2,,,,,,,,,,,,11.9,,,,,,
1913-3,,,,,,,,,,,,12.2,,,,,,
1913-4,,,,,,,,,,,,11.9,,,,,,
1914-1,,,,,,,,,,,,11.7,,,,,,
1914-2,,,,,,,,,,,,11.6,,,,,,
1914-3,,,,,,,,,,,,12.1,,,,,,
1914-4,,,,,,,,,,,,11.6,,,,,,
1915-1,,,,,,,,,,,,11.8,,,,,,
1915-2,,,,,,,,,,,,11.8,,,,,,
1915-3,,,,,,,,,,,,11.8,,,,,,
1915-4,,,,,,,,,,,,12.8,,,,,,
1916-1,,,,,,,,,,,,13.9,,,,,,
1916-2,,,,,,,,,,,,14.3,,,,,,
1916-3,,,,,,,,,,,,15,,,,,,
1916-4,,,,,,,,,,,,17.1,,,,,,
1917-1,,,,,,,,,,,,18.5,,,,,,
1917-2,,,,,,,,,,,,21,,,,,,
1917-3,,,,,,,,,,,,21.3,,,,,,
1917-4,,,,,,,,,,,,21.2,,,,,,
1918-1,,,,,,,,,,,,21.8,,,,,,
1918-2,,,,,,,,,,,,22.2,,,,,,
1918-3,,,,,,,,,,,,23.7,,,,,,
1918-4,,,,,,,,,,,,23.5,,,,,,
1919-1,,,,,,,,,,,,22.6,,,,,,
1919-2,,,,,,,,,,,,23.4,,,,,,
1919-3,,,,,,,,,,,,24.3,,,,,,
1919-4,,,,,,,,,,,,26,,,,,,
1920-1,,,,,,,,,,,,27.3,,,,,,
1920-2,,,,,,,,,,,,28.7,,,,,,
1920-3,,,,,,,,,,,,26.8,,,,,,
1920-4,,,,,,,,,,,,20.8,,,,,,
1921-1,,,,,,,,,,,,17.7,,,,,,
1921-2,,,,,,,,,,,,16.1,,,,,,
1921-3,,,,,,,,,,,,16.1,,,,,,
1921-4,,,,,,,,,,,,16,,,,,,
1922-1,,,,,,,,,,,,16,,,,,,
1922-2,,,,,,,,,,,,16.6,,,,,,
1922-3,,,,,,,,,,,,17.1,,,,,,
1922-4,,,,,,,,,,,,17.3,,,,,,
1923-1,,,,,,,,,,,,18,,,,,,
1923-2,,,,,,,,,,,,17.3,,,,,,
1923-3,,,,,,,,,,,,17.2,,,,,,
1923-4,,,,,,,,,,,,16.9,,,,,,
1924-1,,,,,,,,,,,,17,,,,,,
1924-2,,,,,,,,,,,,16.4,,,,,,
1924-3,,,,,,,,,,,,16.7,,,,,,
1924-4,,,,,,,,,,,,17.5,,,,,,
1925-1,,,,,,,,,,,,17.9,,,,,,
1925-2,,,,,,,,,,,,17.7,,,,,,
1925-3,,,,,,,,,,,,17.8,,,,,,
1925-4,,,,,,,,,,,,17.8,,,,,,
1926-1,,,,,,,,,,,,17.3,,,,,,
1926-2,,,,,,,,,,,,17.3,,,,,,
1926-3,,,,,,,,,,,,17.2,,,,,,
1926-4,,,,,,,,,,,,16.9,,,,,,
1927-1,,,,,,,,,,,,16.5,,,,,,
1927-2,,,,,,,,,,,,16.2,,,,,,
1927-3,,,,,,,,,,,,16.6,,,,,,
1927-4,,,,,,,,,,,,16.6,,,,,,
1928-1,,,,,,,,,,,,16.5,,,,,,
1928-2,,,,,,,,,,,,16.7,,,,,,
1928-3,,,,,,,,,,,,17,,,,,,
1928-4,,,,,,,,,,,,16.5,,,,,,
1929-1,,,,,,,,,,,,16.6,,,,,,
1929-2,,,,,,,,,,,,16.4,,,,,,
1929-3,,,,,,,,,,,,16.6,,,,,,
1929-4,,,,,,,,,,,,16.1,,,,,,
1930-1,,,,,,,,,,,,15.5,,,,,,
1930-2,,,,,,,,,,,,15,,,,,,
1930-3,,,,,,,,,,,,14.5,,,,,,
1930-4,,,,,,,,,,,,13.7,,,,,,
1931-1,,,,,,,,,,,,13.1,,,,,,
1931-2,,,,,,,,,,,,12.4,,,,,,
1931-3,,,,,,,,,,,,12.3,,,,,,
1931-4,,,,,,,,,,,,11.8,,,,,,
1932-1,,,,,,,,,,,,11.4,,,,,,
1932-2,,,,,,,,,,,,11,,,,,,
1932-3,,,,,,,,,,,,11.3,,,,,,
1932-4,,,,,,,,,,,,10.8,,,,,,
1933-1,,,,,,,,,,,,10.4,,,,,,
1933-2,,,,,,,,,,,,11.2,,,,,,
1933-3,,,,,,,,,,,,12.2,,,,,,
1933-4,,,,,,,,,,,,12.2,,,,,,
1934-1,,,,,,,,,,,,12.7,,,,,,
1934-2,,,,,,,,,,,,12.9,,,,,,
1934-3,,,,,,,,,,,,13.4,,,,,,
1934-4,,,,,,,,,,,,13.3,,,,,,
1935-1,,,,,,,,,,,,13.7,,,,,,
1935-2,,,,,,,,,,,,13.8,,,,,,
1935-3,,,,,,,,,,,,13.9,,,,,,
1935-4,,,,,,,,,,,,14,,,,,,
1936-1,,,,,,,,,,,,13.7,,,,,,
1936-2,,,,,,,,,,,,13.7,,,,,,
1936-3,,,,,,,,,,,,14,,,,,,
1936-4,,,,,,,,,,,,14.5,,,,,,
1937-1,,,,,,,,,,,,15.1,,,,,,
1937-2,,,,,,,,,,,,15,,,,,,
1937-3,,,,,,,,,,,,15.1,,,,,,
1937-4,,,,,,,,,,,,14.1,,,,,,
1938-1,,,,,,,,,,,,13.7,,,,,,
1938-2,,,,,,,,,,,,13.5,,,,,,
1938-3,,,,,,,,,,,,13.5,,,,,,
1938-4,,,,,,,,,,,,13.3,,,,,,
1939-1,,,,,,,,,,,,13.2,,,,,,
1939-2,,,,,,,,,,,,13,,,,,,
1939-3,,,,,,,,,,,,13.6,,,,,,
1939-4,,,,,,,,,,,,13.7,,,,,,
1940-1,,,,,,,,,,,,13.5,,,,,,
1940-2,,,,,,,,,,,,13.4,,,,,,
1940-3,,,,,,,,,,,,13.4,,,,,,
1940-4,,,,,,,,,,,,13.8,,,,,,
1941-1,,,,,,,,,,,,14,,,,,,
1941-2,,,,,,,,,,,,15,,,,,,
1941-3,,,,,,,,,,,,15.8,,,,,,
1941-4,,,,,,,,,,,,16.2,,,,,,
1942-1,,,,,,,,,,,,16.8,,,,,,
1942-2,,,,,,,,,,,,17,,,,,,
1942-3,,,,,,,,,,,,17.2,,,,,,
1942-4,,,,,,,,,,,,17.4,,,,,,
1943-1,,,,,,,,,,,,17.8,,,,,,
1943-2,,,,,,,,,,,,17.9,,,,,,
1943-3,,,,,,,,,,,,17.8,,,,,,
1943-4,,,,,,,,,,,,17.8,,,,,,
1944-1,,,,,,,,,,,,17.9,,,,,,
1944-2,,,,,,,,,,,,18,,,,,,
1944-3,,,,,,,,,,,,17.9,,,,,,
1944-4,,,,,,,,,,,,18,,,,,,
1945-1,,,,,,,,,,,,18.1,,,,,,
1945-2,,,,,,,,,,,,18.3,,,,,,
1945-3,,,,,,,,,,,,18.1,,,,,,
1945-4,,,,,,,,,,,,18.4,,,,,,
1946-1,,,,,,,,,,,,18.8,,,,,,
1946-2,,,,,,,,,,,,19.4,,,,,,
1946-3,,,,,,,,,,,,21.4,,,,,,
1946-4,,,,,,,,,,,,24.3,,,,,,
1947-1,,,,22,,22,,,,,,25.3,243.164,,,,,
1947-2,,,,22.08,,22.08,,,,,,25,245.968,,,,,
1947-3,,,,22.84,,22.84,,,,,,26.1,249.585,,,,,
1947-4,,,,23.41,,23.41,,,,,,27.2,259.745,,,,,
1948-1,,,,23.5,,23.5,,,,,,27.2,265.742,,4,,,
1948-2,,,,24.15,,24.15,,,,,,27.7,272.567,,3.6,,,
1948-3,,,,24.36,,24.36,,,,,,28.1,279.196,,3.8,,,
1948-4,,,,24.05,,24.05,,,,,,27.6,280.366,,4,,,
1949-1,,,,23.91,,23.91,,,,,,26.8,275.034,,5,,,
1949-2,,,,23.92,,23.92,,,,,,26,271.351,,6.2,,,
1949-3,,,,23.75,,23.75,,,,,,26.1,272.889,,6.6,,,
1949-4,,,,23.61,,23.61,,,,,,25.9,270.627,,6.6,,,
1950-1,,,,23.64,,23.64,,,,,,26.1,280.828,,6.3,,,
1950-2,,,,23.88,,23.88,,,,,,26.6,290.383,,5.4,,,
1950-3,,,,24.34,,24.34,,,,,,28.4,308.153,,4.4,,,
1950-4,,,,24.98,,24.98,,,,,,29.7,319.945,,4.3,,,
1951-1,,,,25.88,,25.88,,,,,,30.9,336,,3.4,,,
1951-2,,,,25.93,,25.93,,,,,,30.5,344.09,,3.2,,,
1951-3,,,,26.03,,26.03,,,,,,30.1,351.385,,3.3,,,
1951-4,,,,26.47,,26.47,,,,,,30.1,356.178,,3.1,,,
1952-1,,,,26.39,,26.39,,,,,,29.8,359.82,,2.9,,,
1952-2,,,,26.53,,26.53,,,,,,29.5,361.03,,3,,,
1952-3,,,,26.63,,26.63,,,,,,29.6,367.701,,3.1,,,
1952-4,,,,26.71,,26.71,,,,,,29.1,380.812,,2.7,,,
1953-1,,,,26.63,,26.63,,,,,,29.2,387.98,,2.6,,,
1953-2,,,,26.77,,26.77,2.45,3.11,,,,29,391.749,,2.5,,,
1953-3,,,,26.89,,26.89,2.2,2.87,,,,29.4,391.171,,2.9,,,
1953-4,,,,26.87,,26.87,1.66,2.59,,,,29.2,385.97,,4.5,,,
1954-1,,,,26.93,,26.93,1.13,2.37,,,,29.3,385.345,,5.7,,,
1954-2,,,,26.94,,26.94,0.82,2.38,,,,29.2,386.121,,5.6,,,
1954-3,,1.44,,26.81,,26.81,1.03,2.38,,,,29.2,390.996,,6.1,,,
1954-4,,1.25,,26.77,,26.77,1.21,2.51,,,,29,399.734,,5,,,
1955-1,,1.44,,26.79,,26.79,1.59,2.68,,,,29.2,413.073,,4.6,,,
1955-2,,1.69,,26.71,,26.71,1.91,2.78,,,,29.3,421.532,,4.2,,,
1955-3,,2,,26.85,,26.85,2.36,2.97,,,,29.6,430.221,,4.1,,,
1955-4,,2.5,,26.87,,26.87,2.73,2.96,,,,29.5,437.092,,4.2,,,
1956-1,,2.5,,26.89,,26.89,2.61,2.96,,,,29.9,439.746,,4.2,,,
1956-2,,2.75,,27.15,,27.15,2.74,3,,,,30.3,446.01,,4.3,,,
1956-3,,3,,27.35,,27.35,3.35,3.38,,,,30.6,451.191,,3.9,,,
1956-4,,3,,27.63,,27.63,3.68,3.59,,,,30.8,460.463,,4.2,,,
1957-1,,3,,27.86,,27.86,3.42,3.41,,,,31,469.779,,3.7,,,
1957-2,,3,,28.11,,28.11,3.65,3.8,,,,31.1,472.025,,4.3,,,
1957-3,,3.5,,28.32,,28.32,4.07,3.92,,,,31.3,479.49,,4.4,,,
1957-4,,3,,28.47,,28.47,3.18,3.21,,,,31.4,474.864,,5.2,,,
1958-1,,0.5,,28.87,,28.87,1.84,2.98,,,,31.7,467.54,,6.7,,,
1958-2,,0.13,,28.91,,28.91,1.23,2.97,,,,31.6,471.978,,7.3,,,
1958-3,,1.75,,28.91,,28.91,3.05,3.76,,,,31.6,485.841,,7.1,,,
1958-4,,2.38,,28.97,,28.97,3.29,3.86,,,,31.6,499.555,,6.2,,,
1959-1,,2.5,,28.97,,28.97,3.61,3.99,,,,31.7,510.33,,5.6,,,
1959-2,,3,,29.11,,29.11,4.07,4.34,,,,31.7,522.653,,5,,,
1959-3,,3.5,,29.25,,29.25,5,4.68,,,,31.7,525.034,,5.5,,,
1959-4,,4,,29.41,,29.41,5.14,4.69,,,,31.5,528.6,,5.3,,,
1960-1,,4,,29.41,,29.41,4.02,4.25,,,,31.8,542.648,,5.4,,,
1960-2,,2,,29.61,,29.61,3.36,4.15,,,,31.7,541.08,,5.4,,,
1960-3,,3,,29.61,,29.61,3.07,3.8,,,,31.6,545.604,,5.5,,,
1960-4,,1.5,,29.81,,29.81,2.86,3.84,,,,31.7,540.197,,6.6,,,
1961-1,,2,,29.84,,29.84,2.88,3.74,,,,31.8,545.018,,6.9,,,
1961-2,,2,,29.84,,29.84,3.06,3.88,,,,31.3,555.545,,6.9,,,
1961-3,,1.5,,29.98,,29.98,3.06,3.98,,,,31.5,567.664,,6.7,,,
1961-4,,2.25,,30.01,,30.01,3.18,4.06,,,,31.6,580.612,,6,,,
1962-1,,2.5,,30.17,,30.17,3.06,3.93,,,,31.7,594.013,,5.6,,,
1962-2,,2.75,,30.21,,30.21,3.03,3.91,,,,31.5,600.366,,5.5,,,
1962-3,,3,,30.42,,30.42,3.06,3.98,,,,31.9,609.027,,5.6,,,
1962-4,,2.88,,30.38,,30.38,3.01,3.86,,,,31.6,612.28,,5.5,,,
1963-1,,3,,30.51,,30.51,3.03,3.93,,,,31.5,621.672,,5.7,,,17800
1963-2,,3,,30.61,,30.61,3.2,3.99,,,,31.6,629.752,,5.6,,,18000
1963-3,,3.5,,30.72,,30.72,3.57,4.08,,,,31.6,644.444,,5.5,,,17900
1963-4,,3.5,,30.88,,30.88,3.81,4.13,,,,31.6,653.938,,5.5,,,18500
1964-1,,3.5,,30.94,,30.94,3.91,4.22,,,,31.6,669.822,,5.4,,,18500
1964-2,,3.5,,31.01,,31.01,3.83,4.17,,,,31.5,678.674,,5.2,,,18900
1964-3,,3.5,,31.08,,31.08,3.84,4.2,,,,31.7,692.031,,5.1,,,18900
1964-4,,4,,31.25,,31.25,4.02,4.18,,,,31.7,697.319,,5,,,19400
1965-1,,4,,31.31,,31.31,4.06,4.21,,,,31.9,717.79,,4.7,,,20200
1965-2,,4.13,,31.61,,31.61,3.99,4.21,,,,32.4,730.191,,4.6,,,19800
1965-3,,3.75,,31.62,,31.62,4.2,4.29,,,,32.4,749.323,,4.3,,,20200
1965-4,,4.13,,31.85,,31.85,4.72,4.62,,,,32.8,771.857,,4,,,20300
1966-1,,4.63,,32.18,,32.18,4.97,4.87,,,,33.2,795.734,,3.8,,,21000
1966-2,,4.25,,32.38,,32.38,4.97,4.81,,,,33.3,804.981,,3.8,,,22100
1966-3,,5.88,,32.75,,32.75,5.82,5.18,,,,33.6,819.638,,3.7,,,21500
1966-4,,5.5,,32.92,,32.92,5.2,4.84,,,,33.3,833.302,,3.8,,,21400
1967-1,,3.75,,33,,33,4.35,4.54,,,,33.3,844.17,,3.8,,,22300
1967-2,,4,,33.3,,33.3,4.48,5.02,,,,33.5,848.983,,3.9,,,23300
1967-3,,4,,33.6,,33.6,5.24,5.3,,,,33.4,865.233,,3.8,,,22500
1967-4,,4.5,,34,,34,5.71,5.7,,,,33.7,881.439,,3.8,,,22900
1968-1,,4.75,,34.3,,34.3,5.58,5.74,,,,34.1,909.387,,3.7,,,23900
1968-2,,6.13,,34.7,,34.7,5.98,5.72,,,,34.2,934.344,,3.7,,,24900
1968-3,,5.75,,35.1,,35.1,5.45,5.46,,,,34.4,950.825,,3.4,,,24800
1968-4,,6,,35.6,,35.6,6.19,6.03,,,,34.6,968.03,,3.4,,,25600
1969-1,,7,,36.1,,36.1,6.34,6.3,,,,35.2,993.337,,3.4,,,25700
1969-2,,9.38,,36.6,,36.6,7.04,6.57,,,,35.7,1009.02,,3.5,,,25900
1969-3,,9.75,,37.1,,37.1,7.82,7.16,,,,35.8,1029.956,,3.7,,,25900
1969-4,,9.63,,37.7,,37.7,8.17,7.65,,,,36.3,1038.147,,3.5,,,24900
1970-1,,8.5,,38.3,,38.3,6.97,7.07,,,,36.7,1051.2,,4.4,,,23900
1970-2,,7.75,,38.8,,38.8,7.55,7.84,,,,36.9,1067.375,,4.9,,,24400
1970-3,,6.75,,39.2,,39.2,6.73,7.39,,,,37.1,1086.059,,5.4,,,23000
1970-4,,5.63,,39.8,,39.8,5,6.39,,,,37.1,1088.608,,6.1,,,22600
1971-1,,3.63,,40,,40,3.69,5.7,,,,37.8,1135.156,,6,,,24300
1971-2,,4.75,,40.5,,40.5,5.64,6.52,,,,38.2,1156.271,,5.9,,,25800
1971-3,,5.75,,40.8,,40.8,5.41,6.14,,,,38.3,1177.675,,6,,,25300
1971-4,,3.75,,41.1,,41.1,4.6,5.93,,,,38.6,1190.297,,6,,,25500
1972-1,,3.25,,41.4,,41.4,4.67,6.07,,,,39.2,1230.609,,5.8,,,26200
1972-2,,4.44,,41.7,,41.7,4.93,6.11,,,,39.7,1266.369,,5.7,,,26800
1972-3,,5.19,,42.1,,42.1,5.52,6.55,,,,40.2,1290.566,,5.5,,,27900
1972-4,,5.25,,42.5,,42.5,5.52,6.36,,,,41.1,1328.904,,5.2,,,29200
1973-1,,7,,43.4,,43.4,6.85,6.71,,,,43.4,1377.49,,4.9,,,30200
1973-2,,8.44,,44.2,,44.2,7.31,6.9,,,,45.5,1413.887,,4.9,,,32700
1973-3,,11.22,,45.2,,45.2,8.31,7.09,,,,46.7,1433.838,,4.8,,,33500
1973-4,,10.34,,46.3,,46.3,7.27,6.74,,,,47.4,1476.289,,4.9,,,34000
1974-1,,8.97,,47.8,,47.8,7.76,7.21,,,,50.6,1491.209,,5.1,,,35200
1974-2,,11.64,,49,,49,8.67,7.54,,,,52,1530.056,,5.4,,,35600
1974-3,,11.6,,50.6,,50.6,8.87,8.04,,,,55.9,1560.026,,5.9,,,36200
1974-4,,9.47,,51.9,,51.9,7.31,7.43,,,,57.3,1599.679,,7.2,,,37200
1975-1,,6.07,,52.8,,52.8,6.11,7.73,,,,56.9,1616.116,,8.6,,,38100
1975-2,,5.23,,53.5,,53.5,6.29,7.86,,,,58,1651.853,,8.8,,,39000
1975-3,,6.13,,54.6,,54.6,7.75,8.43,,,,59.4,1709.82,,8.4,,,38800
1975-4,,5.31,,55.6,,55.6,6.6,8,,,,59.7,1761.831,,8.2,,,41200
1976-1,,5.21,,56,,56,6.21,7.73,,,,60,1820.487,,7.6,,,42800
1976-2,,5.58,,56.7,,56.7,6.52,7.86,,,,61.2,1852.332,,7.6,,,44200
1976-3,,5.25,,57.6,,57.6,5.84,7.59,,,,61.8,1886.558,,7.6,,,44400
1976-4,,4.67,,58.4,,58.4,4.89,6.87,,,,62.5,1934.273,,7.8,,,45500
1977-1,,4.7,,59.6,,59.6,5.5,7.46,7.8,,,64.1,1988.648,,7.4,,,46300
1977-2,,5.24,,60.5,,60.5,5.8,7.28,7.64,,,65,2055.909,,7.2,,,48900
1977-3,,6.06,,61.3,,61.3,6.53,7.34,7.64,,,65.3,2118.473,,6.8,,,48800
1977-4,,6.52,,62.3,,62.3,6.96,7.69,7.94,,,66.2,2164.27,,6.4,,,51600
1978-1,,6.86,,63.4,,63.4,7.31,8.04,8.23,,,68.1,2202.76,,6.3,,,53000
1978-2,,7.48,,65,,65,8.09,8.46,8.5,,,70,2331.633,,5.9,,,55300
1978-3,,8.33,,66.5,,66.5,8.64,8.42,8.47,,,71,2395.053,,6,,,56100
1978-4,,9.95,,67.9,,67.9,10.3,9.01,8.88,,,72.7,2476.949,,6,,,59000
1979-1,,10.05,,69.9,,69.9,10.25,9.12,9.03,,,75.8,2526.61,,5.8,,,60600
1979-2,,10.24,,72.2,,72.2,9.57,8.91,8.92,,,78,2591.247,,5.7,,,63100
1979-3,,11.29,,74.4,,74.4,10.84,9.33,9.17,,,80.9,2667.565,,5.9,,,64700
1979-4,,13.96,,76.9,,76.9,11.98,10.39,10.12,,,83.4,2723.883,,6,,,62600
1980-1,,16.33,,80.1,,80.1,15.82,12.75,12.34,,,87.5,2789.842,,6.3,,,63700
1980-2,,11.06,,82.5,,82.5,8.16,9.78,9.81,,,88.7,2797.352,,7.6,,,64000
1980-3,,10.74,,83.9,,83.9,11.52,11.51,11.34,,,91.7,2856.483,,7.5,,,64900
1980-4,,17.71,,86.4,,86.4,14.88,12.84,12.4,,,93.8,2985.557,,7.2,,,66400
1981-1,,15.53,,88.6,,88.6,13.71,13.12,12.69,,,97,3124.206,,7.4,,,66800
1981-2,,19.01,,90.5,,90.5,14.86,13.47,12.96,,,98.5,3162.532,,7.5,,,69400
1981-3,,17.52,,93.1,,93.1,16.52,15.32,14.67,,,98.8,3260.609,,7.6,,,69200
1981-4,,13.03,,94.1,,94.1,12.85,13.72,13.45,,,98.8,3280.818,,8.5,,,70400
1982-1,,14.11,,94.7,,94.7,13.95,13.86,13.53,,13.31,99.6,3274.302,,9,,,66400
1982-2,,13.76,,97,,97,14.07,14.3,13.92,,13.08,100,3331.972,,9.6,,,69600
1982-3,,11.28,,97.7,,97.7,10.85,12.34,12.07,,8.19,100,3366.322,,10.1,,,69300
1982-4,,9.1,,97.7,,97.7,8.91,10.54,10.54,,8.2,100.5,3402.561,,10.8,,,71600
1983-1,,8.65,,98.1,,98.1,9.04,10.51,10.63,,8.66,100.4,3473.413,,10.3,,,73300
1983-2,,9.38,,99.4,,99.4,9.66,10.85,10.93,,9.14,101,3578.848,,10.1,,,74900
1983-3,,9.61,,100.4,,100.4,10.16,11.65,11.63,,9.36,102,3689.179,,9.2,,,77400
1983-4,,9.46,,101.4,,101.4,10.11,11.83,11.88,,9.36,102.3,3794.706,,8.3,,,75900
1984-1,,9.73,,102.9,,102.9,10.59,12.32,12.38,,9.89,103.9,3908.054,,7.8,,,78200
1984-2,,10.53,,103.7,,103.7,12.08,13.56,13.44,,10.26,104,4009.601,,7.2,,,80700
1984-3,,11.64,,104.7,,104.7,11.58,12.52,12.29,,10.8,103.4,4084.25,,7.3,,,81000
1984-4,,8.92,,105.5,,105.5,9.33,11.5,11.52,,8.34,103.5,4148.551,,7.3,,,79900
1985-1,,8.74,,106.8,,106.8,9.86,11.86,11.81,,8.83,103.1,4230.168,,7.2,,,82800
1985-2,,7.64,,107.5,,107.5,7.8,10.16,10.45,,7.18,103.3,4294.887,,7.4,,,84300
1985-3,,7.8,,108.1,,108.1,8.07,10.37,10.61,,7.33,102.1,4386.773,,7.1,,,83200
1985-4,,8.54,,109.5,,109.5,7.67,9.26,9.54,,7.33,103.6,4444.094,,7,,,86800
1986-1,,7.95,,109.1,,109.1,7.03,7.78,7.96,,6.76,100.3,4507.894,,7.2,,,88000
1986-2,,6.84,,109.4,,109.4,6.73,7.8,7.57,,6.4,99.9,4545.34,,7.2,,,92100
1986-3,,5.77,,110,,110,5.77,7.45,7.62,,5.35,99.4,4607.669,,7,,,93000
1986-4,,6.38,,110.8,,110.8,5.87,7.11,7.37,,5.68,99.7,4657.627,,6.6,,,95000
1987-1,,6.02,,112.2,64.76,112.2,6.03,7.25,7.55,,5.77,101.2,4722.156,,6.6,,,97900
1987-2,,6.74,,113.5,66.087,113.5,6.8,8.4,8.57,,5.85,103,4806.16,,6.2,,,103400
1987-3,,6.84,,114.7,67.342,114.7,7.67,9.42,9.59,,6.62,103.7,4884.555,,5.9,,,106000
1987-4,,7.04,,115.6,68.522,115.6,7.17,8.99,9.12,,5.96,104.2,5007.994,,5.7,,,111500
1988-1,,6.66,,116.5,69.657,116.5,6.71,8.37,8.63,,5.87,104.9,5073.372,,5.7,,,110000
1988-2,,7.24,,118,70.896,118,7.49,8.92,9,,6.66,107.2,5190.036,,5.4,,,110000
1988-3,,8.27,,119.5,72.248,119.5,8.09,8.98,9.06,,7.48,108.1,5282.835,,5.4,,,115000
1988-4,,8.54,,120.7,73.472,120.7,8.99,9.11,9.01,,8.35,109,5399.509,,5.3,,,113900
1989-1,,9.82,,122.2,74.787,122.2,9.57,9.36,9.17,,9.14,111.5,5511.253,,5,,,118000
1989-2,,9.84,,124.1,75.483,124.1,8.44,8.28,8.27,,8.43,112.9,5612.463,,5.3,,,118900
1989-3,,8.93,,124.8,76.059,124.8,8.22,8.19,8.15,,8.01,112.4,5695.365,,5.3,,,120000
1989-4,,8.51,,126.3,76.705,126.3,7.72,7.84,7.9,,7.88,113,5747.237,,5.4,,,124800
1990-1,,8.3,,128.6,77.202,128.6,8.35,8.59,8.56,,8.17,114.2,5872.701,143.1,5.2,,,123900
1990-2,,8.28,,129.9,77.255,129.9,8.1,8.48,8.46,,7.99,114.3,5960.028,145.2,5.2,,,126800
1990-3,,8.06,,132.5,76.842,132.5,7.76,8.89,9.03,,7.6,118.4,6015.116,147.8,5.9,,,117000
1990-4,,7.61,,134.2,76.178,134.2,7.05,8.08,8.24,,6.95,118.7,6004.733,148.9,6.3,,,121500
1991-1,,6.35,,134.8,75.571,134.8,6.4,8.11,8.29,,6.09,116.2,6035.178,150.7,6.8,,,120000
1991-2,,5.92,,136,75.989,136,6.36,8.28,8.47,,5.75,116.4,6126.862,151.8,6.9,,,119900
1991-3,,5.5,,137,76.185,137,5.57,7.65,7.95,,5.37,116.1,6205.937,153.1,6.9,,,120000
1991-4,,4.86,,138.2,76.044,138.2,4.38,7.09,7.7,,4.18,115.9,6264.54,154.8,7.3,,,120000
1992-1,,4.13,30195,139.1,76.271,139.1,4.63,7.54,7.97,,4.14,116.1,6363.102,156.1,7.4,,,119500
1992-2,,3.96,32798,140.1,76.329,140.1,4.17,7.26,7.84,,3.75,118,6470.763,157.3,7.8,,,120000
1992-3,,3.39,30965,141.1,76.239,141.1,3.18,6.42,7.34,,2.97,118,6566.641,157.9,7.6,,,120000
1992-4,,3.17,28237,142.3,76.676,142.3,3.71,6.77,7.44,,3.29,117.6,6680.803,159.4,7.4,,,126000
1993-1,,3.65,33803,143.3,76.868,143.3,3.33,5.98,6.82,,3.01,118.7,6729.459,160.5,7,,,125000
1993-2,,3.33,36890,144.3,77.241,144.3,3.54,5.96,6.81,,3.14,119.5,6808.939,162.1,7,,,127000
1993-3,,3.25,34668,145,77.795,145,3.36,5.36,6,,3.01,118.7,6882.098,162.9,6.7,,,127000
1993-4,,3.07,34077,146.3,78.332,146.3,3.61,5.77,6.25,,3.13,118.6,7013.738,164.3,6.5,,,127000
1994-1,,3.31,42411,147.1,78.86,147.1,4.32,6.48,6.91,,3.59,119.7,7115.652,165.7,6.5,,,130000
1994-2,,4.33,42280,147.9,79.431,147.9,5.27,7.1,7.4,,4.25,120.5,7246.931,166.6,6.1,,,130000
1994-3,,4.76,40272,149.3,79.926,149.3,5.76,7.46,7.71,,4.75,121,7331.075,168.2,5.9,,,129700
1994-4,,5.49,36869,150.1,80.303,150.1,7.14,7.81,7.87,,5.76,121.9,7455.288,169.2,5.5,,,132000
1995-1,,5.56,44670,151.2,80.612,151.2,6.43,7.2,7.45,,5.91,123.9,7522.289,170.6,5.4,,,130000
1995-2,,6.04,47260,152.4,80.8,152.4,5.64,6.17,6.57,,5.64,125.3,7580.997,172.2,5.6,,,133900
1995-3,,5.72,42201,153.1,81.322,153.1,5.62,6.2,6.55,,5.43,125.2,7683.125,173.6,5.6,,,132000
1995-4,,5.56,38092,153.9,81.755,153.9,5.31,5.71,6.06,,5.29,125.7,7772.586,175.1,5.6,,,138000
1996-1,,5.81,48844,155.5,82.214,155.5,5.34,6.27,6.6,,5.1,126.4,7868.468,176.4,5.5,,,137000
1996-2,,5.31,47187,156.7,82.773,156.7,5.81,6.91,7.06,,5.23,128,8032.84,177.6,5.3,,,139900
1996-3,,5.28,44473,157.7,83.281,157.7,5.83,6.83,7.03,,5.24,128.2,8131.408,179,5.2,,,140000
1996-4,,5.44,40109,159.1,83.744,159.1,5.47,6.3,6.55,,5.04,129.1,8259.771,180.3,5.4,,,144100
1997-1,,5.5,50056,159.8,84.475,159.8,5.8,6.69,6.93,,5.28,127.3,8362.655,181.8,5.2,,,145000
1997-2,,5.58,49284,160.2,85.109,160.2,5.69,6.49,6.77,,5.07,127.2,8518.825,183.1,5,,,145800
1997-3,,5.52,47367,161.2,85.879,161.2,5.52,6.21,6.5,,5.08,127.5,8662.823,184.4,4.9,,,145000
1997-4,,5.92,43843,161.8,87.118,161.8,5.53,5.81,5.99,,5.3,126.8,8765.907,186.3,4.7,,,144200
1998-1,,5.57,51772,162,88.472,162,5.39,5.65,5.95,,5.16,124.7,8866.48,187.6,4.7,,,152200
1998-2,,5.79,55940,162.8,89.871,162.8,5.41,5.5,5.7,,5.12,124.8,8969.699,189.2,4.5,,,149500
1998-3,,5.75,48698,163.5,91.284,163.5,4.71,4.81,5.2,,4.74,123.8,9121.097,191,4.6,,,153000
1998-4,,4.82,47666,164.4,92.732,164.4,4.52,4.65,5.06,,4.5,122.8,9293.991,192.6,4.4,,,153000
1999-1,53.31,5.1,58761,164.8,94.244,164.8,4.78,5.23,5.58,,4.57,122.6,9417.264,193.3,4.2,,,157400
1999-2,52.58,4.78,59612,166,96.003,166,5.1,5.9,6.04,,4.72,125.2,9524.152,194.8,4.3,,,158700
1999-3,54.8,5.41,56079,167.8,97.892,167.8,5.25,5.92,6.07,,4.82,128,9681.856,196.2,4.2,,,159100
1999-4,47.8,5.71,52406,168.8,99.872,168.8,5.84,6.28,6.35,,5.36,127.8,9899.378,197.4,4,,,165300
2000-1,54.29,5.78,64815,171,102.127,171,6.22,6.26,6.05,,5.86,130.8,10002.857,199.5,4,,,165300
2000-2,57.42,6.65,62396,172.2,104.424,172.2,6.17,6.1,5.93,,5.86,133.8,10247.679,201,4,,,163200
2000-3,58.75,6.52,56972,173.6,106.537,173.6,6.13,5.8,5.83,,6.18,134.7,10319.825,202.7,3.9,,,168800
2000-4,54.97,6.6,48539,174.6,109.134,174.6,5.6,5.24,5.49,,5.94,136.2,10439.025,204.3,3.9,,,172900
2001-1,61.64,5.59,62034,176.1,111.111,176.1,4.3,4.89,5.34,,4.54,135.9,10472.879,206.6,4.3,,,169800
2001-2,58.07,4.14,62193,177.7,112.798,177.7,3.58,5.28,5.67,,3.57,135.5,10597.822,208.7,4.5,,,179000
2001-3,65.05,3.66,52943,178.1,114.814,178.1,2.82,4.73,5.48,2.68,2.69,133.3,10596.294,210.4,5,,,172500
2001-4,59.54,2.06,53281,177.4,116.449,177.4,2.22,5.09,5.48,1.72,1.72,128.1,10660.294,213,5.7,,,171100
2002-1,68.59,1.78,60116,178.5,118.691,178.5,2.57,5.28,,1.79,1.83,129.8,10788.952,214.9,5.7,,,188700
2002-2,69.05,1.79,60575,179.6,121.815,179.6,2.2,4.93,,1.72,1.73,130.9,10893.207,216.5,5.8,,,187200
2002-3,73.17,1.81,56437,180.8,124.779,180.8,1.72,3.87,,1.67,1.66,132.3,10992.051,218.1,5.7,,,178100
2002-4,67.34,1.23,55578,181.8,127.619,181.8,1.45,4.03,,1.2,1.21,132.9,11071.463,219.6,6,,,190100
2003-1,75.67,1.33,61877,183.9,130.151,183.9,1.24,3.81,,1.18,1.15,141.2,11183.507,220.2,5.9,,,186000
2003-2,76.71,1.28,63414,183.1,132.651,183.1,1.01,3.33,,0.97,0.94,138,11312.875,221.3,6.3,,,191800
2003-3,79,1.01,60369,185.1,136.295,185.1,1.24,4.27,,0.91,0.96,138.5,11567.326,222.8,6.1,,,191900
2003-4,75.8,1.03,57750,185.5,140.181,185.5,1.31,4.27,,0.89,0.91,139.5,11769.275,224.4,5.7,,,198800
2004-1,75.65,1.04,66693,187.1,145.063,187.1,1.19,3.83,,0.96,0.95,143.1,11920.169,226.1,5.8,,,212700
2004-2,75.2,1.02,62812,188.9,149.85,188.9,2.12,4.73,,1.05,1.29,147.2,12108.987,227.9,5.6,,,217600
2004-3,74.18,1.53,63519,189.8,154.18,189.8,2.12,4.13,,1.55,1.68,147.7,12303.34,229.5,5.4,,,213500
2004-4,75.76,2.04,62718,191.7,159.332,191.7,2.67,4.23,,1.96,2.22,150.2,12522.425,230.4,5.4,,,228800
2005-1,70.2,2.39,68039,193.1,165.82,193.1,3.3,4.5,,2.65,2.8,153.7,12761.337,233,5.2,88.424,,232500
2005-2,72.86,3.02,71603,193.7,171.191,193.7,3.36,4,,2.83,3.04,154.3,12910.022,233.4,5,89.98,,233700
2005-3,72.75,3.57,58825,198.8,176.438,198.8,3.85,4.2,,3.23,3.49,162.2,13142.873,234,5,91.048,,236400
2005-4,70.94,4.03,60842,198.1,180.913,198.1,4.35,4.47,,3.69,3.97,163,13332.316,236.6,4.9,91.958,,243600
2006-1,69.61,4.52,69930,199.7,184.37,199.7,4.77,4.72,4.73,4.55,4.63,162.2,13603.933,238.9,4.7,92.749,480.96698,247700
2006-2,64.32,5.02,66999,201.8,183.512,201.8,5.16,5.11,5.15,4.71,4.92,166.1,13749.806,241.5,4.6,94.261,487.12604,246300
2006-3,66.43,5.25,61990,202.8,182.806,202.8,4.97,4.72,4.85,4.77,4.93,165.4,13867.469,244,4.5,95.844,510.54846,235600
2006-4,64.75,5.27,61075,203.1,184.143,203.1,4.94,4.56,4.68,4.87,4.97,165.6,14037.228,246.5,4.4,96.617,521.38249,245400
2007-1,64.34,5.31,70738,205.288,184.153,205.288,4.92,4.56,4.72,5.21,5.08,169.3,14208.569,248.452,4.4,96.681,544.98854,257400
2007-2,66.94,5.23,65945,207.234,180.26,207.234,4.96,5.1,5.2,4.52,4.74,173.8,14382.363,250.677,4.6,97.623,549.27083,242200
2007-3,58.44,4.96,62397,208.547,177.566,208.547,4.14,4.52,4.79,3.78,3.99,173.5,14535.003,252.428,4.7,98.314,577.38056,241800
2007-4,64.49,4.66,59124,211.445,174.347,211.445,3.26,4.1,4.53,2.86,3.07,178.6,14681.501,254.077,5,98.792,589.48928,238400
2008-1,60.23,3.01,64382,213.448,170.057,213.448,1.54,3.51,4.39,1.35,1.28,187.9,14651.039,256.03,5.1,99.837,619.31589,233900
2008-2,55.92,1.98,56153,217.463,165.025,217.463,2.42,4.1,4.69,1.72,1.89,200.5,14805.611,257.023,5.6,98.346,626.6056,235300
2008-3,53.56,1.94,49995,218.877,160.318,218.877,1.91,3.69,4.27,0.89,1.15,196.9,14835.187,258.309,6.1,99.122,660.58421,226500
2008-4,62.94,0.52,43215,211.398,153.623,211.398,0.49,2.42,2.87,0.03,0.03,170.9,14559.543,258.767,7.3,98.909,675.95258,222500
2009-1,54.95,0.22,46582,212.495,148.666,212.495,0.64,2.82,3.64,0.1,0.22,168.1,14394.547,259.901,8.7,99.336,707.22681,208400
2009-2,56.06,0.21,48096,214.79,148.095,214.79,0.51,3.72,4.52,0.1,0.18,174.1,14352.85,260.384,9.5,99.48,712.31916,220900
2009-3,56.69,0.15,42315,215.861,148.024,215.861,0.4,3.4,4.19,0.06,0.12,174.1,14420.312,260.065,9.8,99.049,746.52252,214300
2009-4,62.14,0.13,46955,217.347,147.935,217.347,0.37,3.59,4.49,0.03,0.05,178.1,14628.021,259.08,9.9,97.612,771.69975,219000
2010-1,55.74,0.14,56506,217.353,145.857,217.353,0.4,3.73,4.64,0.12,0.15,183.3,14721.35,258.327,9.9,96.08,800.06982,222900
2010-2,61.47,0.2,53074,217.199,145.714,217.199,0.32,3.2,4.13,0.08,0.12,183.5,14926.098,258.538,9.4,94.353,811.14877,219500
2010-3,59.07,0.19,51581,218.275,143.011,218.275,0.26,2.65,3.77,0.12,0.15,184.9,15079.917,258.927,9.5,92.983,845.80478,224100
2010-4,66.48,0.2,55257,220.472,142.061,220.472,0.29,3.29,4.42,0.09,0.14,189.7,15240.843,259.933,9.3,92.098,855.48343,224300
2011-1,63.13,0.15,63613,223.046,139.981,223.046,0.26,3.41,4.51,0.06,0.1,199.2,15285.828,260.714,9,91.583,896.84843,226900
2011-2,63.56,0.1,57741,224.806,139.852,224.806,0.18,3,4.23,0.02,0.04,203.9,15496.189,261.721,9.1,90.028,905.15715,228100
2011-3,69.84,0.08,56243,226.597,138.66,226.597,0.1,1.98,3.18,0.01,0.01,203.7,15591.85,263.254,9,89.129,940.33902,223500
2011-4,70.26,0.08,61131,227.223,136.665,227.223,0.12,1.98,2.98,0,0.01,199.8,15796.46,264.827,8.5,88.04,959.82395,221100
2012-1,69.6,0.11,68793,228.807,137.909,228.807,0.19,2.17,3.28,0.06,0.08,204.2,16019.758,266.208,8.2,86.541,994.27974,238400
2012-2,70.14,0.16,63327,228.524,141.027,228.524,0.19,1.62,2.7,0.05,0.09,199.8,16152.257,267.535,8.2,85.611,1011.25992,238700
2012-3,74.58,0.13,60834,231.015,142.907,231.015,0.18,1.72,2.88,0.08,0.11,204.4,16257.151,269.041,7.8,85.321,1041.03403,248800
2012-4,73.85,0.16,64822,231.221,145.506,231.221,0.16,1.72,2.88,0.04,0.07,201.5,16358.863,270.565,7.9,85.062,1054.56511,251700
2013-1,72.63,0.14,71579,232.282,149.957,232.282,0.15,1.96,3.16,0.08,0.09,204,16569.591,272.07,7.5,83.753,1092.01386,258400
2013-2,72.76,0.09,69543,232.445,154.203,232.445,0.14,2.3,3.4,0.03,0.05,204.3,16637.926,273.762,7.5,83.487,1099.6068,268100
2013-3,73.75,0.07,64318,233.544,158.235,233.544,0.12,2.81,3.79,0.02,0.02,203.9,16848.748,275.375,7.2,82.904,1134.18098,264800
2013-4,73.26,0.07,68316,234.719,160.994,234.719,0.13,2.9,3.89,0.02,0.07,202,17083.137,277.385,6.7,82.242,1145.55075,273600
2014-1,72.41,0.06,77611,236.028,163.11,236.028,0.13,2.72,3.62,0.05,0.05,207,17104.555,279.463,6.7,81.919,1182.06118,275200
2014-2,74.52,0.08,73171,237.231,164.058,237.231,0.1,2.6,3.42,0.02,0.04,208.3,17432.909,281.426,6.1,81.126,1190.48873,288000
2014-3,74.84,0.07,71340,237.477,165.908,237.477,0.11,2.53,3.26,0.01,0.02,206.4,17721.657,283.405,5.9,80.425,1226.39406,281000
2014-4,70.33,0.13,76259,236.252,168.079,236.252,0.21,2.21,2.83,0.03,0.03,197,17849.912,285.343,5.6,80.258,1235.75147,298900
2015-1,72.39,0.06,82636,235.976,169.868,235.976,0.25,2.04,2.63,0.02,0.03,191.5,17984.178,287.736,5.4,79.538,1271.84496,289200
2015-2,72.65,0.12,79754,237.657,171.466,237.657,0.28,2.36,3.11,0.01,0.02,194.8,18219.405,289.874,5.3,79.286,1278.76492,289100
2015-3,73.61,0.14,78083,237.498,173.84,237.498,0.37,2.17,2.95,0.01,0.02,189.1,18344.713,292.435,5,79.107,1311.76642,295800
2015-4,70.01,0.13,81557,237.761,176.602,237.761,0.65,2.24,2.97,0.17,0.23,183.5,18350.825,294.565,5,79.235,1320.24814,302500
2016-1,74.41,0.36,85595,237.99,178.261,237.99,0.66,1.89,2.68,0.25,0.3,182.1,18424.283,297.022,5,78.907,1358.13744,299800
2016-2,74.78,0.37,82335,240.144,180.085,240.144,0.55,1.64,2.45,0.22,0.27,187.6,18637.253,299.933,4.9,78.777,1365.26984,306000
2016-3,72.72,0.4,81760,241.068,182.85,241.068,0.59,1.63,2.35,0.19,0.29,186.9,18806.743,302.533,5,79.081,1398.57321,303800
2016-4,71.43,0.41,88256,242.712,185.796,242.712,0.87,2.49,3.11,0.42,0.51,188.2,18991.883,305.319,4.7,78.86,1407.98453,310900
2017-1,71.24,0.66,89892,243.721,188.211,243.721,1.01,2.48,3.08,0.66,0.75,191.5,19190.431,307.411,4.4,78.338,1443.34418,313100
2017-2,74.65,0.91,85301,244.179,190.562,244.179,1.2,2.19,2.8,0.84,1,193.6,19356.649,309.738,4.3,78.529,1448.3551,318200
2017-3,75.58,1.16,85591,246.445,193.794,246.445,1.28,2.2,2.78,0.99,1.05,194.8,19611.704,312.381,4.2,78.211,1480.57776,320500
2017-4,70.8,1.16,87768,247.847,197.201,247.847,1.7,2.4,2.77,1.2,1.34,196.3,19918.91,315.168,4.1,78.047,1489.96914,337900
2018-1,70.21,1.42,94567,249.413,200.347,249.413,2.06,2.84,3.09,1.64,1.73,199.3,20163.159,317.722,4,77.292,1524.44541,331800
2018-2,73.54,1.7,88864,251.176,202.411,251.176,2.33,2.91,3.05,1.81,1.94,204.2,20510.177,320.277,4,76.654,1528.84691,315600
2018-3,74.84,1.91,83124,252.261,204.383,252.261,2.56,3,3.15,2.04,2.17,203.6,20749.752,322.703,3.7,76.651,1558.71324,330900
2018-4,71.49,2.2,90543,252.653,206.087,252.653,2.66,2.83,3.1,2.37,2.41,201,20897.804,325.292,3.9,76.712,1568.85018,322800
2019-1,,2.4,95730,254.095,207.675,254.095,2.49,2.57,2.98,2.45,2.45,200.8,21098.827,328.52,3.8,76.003,1599.73862,313000
2019-2,,2.4,89732,255.402,209.025,255.402,2,2.07,2.57,2.22,2.22,200.3,21340.267,331.59,3.7,75.96,1605.76459,322500
2019-3,,2.13,87034,256.593,210.932,256.593,1.8,1.7,2.16,1.99,1.93,198.4,21542.54,334.164,3.5,76.064,1636.50968,318400
2019-4,,1.56,93076,258.444,213.789,258.444,1.55,1.86,2.3,1.55,1.57,199.2,21734.266,335.958,3.5,,1643.18653,324500
